SET client_encoding = 'UTF8';

--
-- Data for Name: bundle_pipes; Type: TABLE DATA; Schema: public;
--

COPY public.bundle_pipes (id, pipe_bundle_type_id, sequence, pipe_id, x, y, ambient) FROM stdin;
1	1	2	1	-0.5	1	2
2	1	1	1	0.5	1	2
3	2	1	5	0.0	1	2
4	2	2	5	0.25	1	2
5	3	1	11	0.0	1	2
6	3	2	11	0.25	1	2
7	4	1	6	0.0	1	2
8	4	2	6	0.25	1	2
9	5	1	8	0.0	1	2
10	5	2	8	0.25	1	2
11	6	1	3	0.0	1	2
12	6	2	3	0.25	1	2
13	7	1	4	0.0	1	2
14	7	2	4	0.25	1	2
15	8	1	2	0.0	1	2
16	8	2	2	0.25	1	2
17	9	1	9	0.0	1	2
18	9	2	9	0.25	1	2
19	10	1	7	0.0	1	2
20	10	2	7	0.25	1	2
21	11	1	10	0.0	1	2
22	11	2	10	0.25	1	2
\.


--
-- Data for Name: bundle_type_conns; Type: TABLE DATA; Schema: public;
--

COPY public.bundle_type_conns (id, conn_bundle_type_id, sequence, conn_type_id, description) FROM stdin;
1	1	1	1	1 sup temp 70; 1 ret temp 30
2	2	1	2	1 sup temp 10; 1 ret temp 18
3	3	1	3	1 sup temp 18; 1 ret temp 10
4	4	1	4	2 sup temp 70&10; 2 ret temp 30&18
5	5	1	5	2 sup temp 70&10; 1 ret temp 30
6	6	1	1	1 sup temp 70; 1 ret temp 30
7	6	2	6	1 sup temp 70; 1 ret temp 30; mdot
8	7	1	6	1 sup temp 70; 1 ret temp 30; mdot
9	8	1	7	1 sup temp 18; 1 ret temp 10; mdot
10	9	1	8	1 sup temp 10; 1 ret temp 18; mdot
11	10	1	9	2 sup temp 70&10; 1 ret temp 18; mdot
12	11	1	10	2 sup temp 70&10 mdot; 2 ret temp 30&18 mdot
13	12	1	2	1 sup temp 10; 1 ret temp 18
14	12	2	8	1 sup temp 10; 1 ret temp 18; mdot
15	13	1	4	2 sup temp 70&10; 2 ret temp 30&18
16	13	2	10	2 sup temp 70&10 mdot; 2 ret temp 30 mdot
17	14	1	5	2 sup temp 70&10; 1 ret temp 30
18	14	2	9	2 sup temp 70&10; 1 ret temp 30; mdot
19	15	1	3	1 sup temp 18; 1 ret temp 10
20	15	2	7	1 sup temp 18; 1 ret temp 10; mdot
\.


--
-- Data for Name: conn_bundle_types; Type: TABLE DATA; Schema: public;
--

COPY public.conn_bundle_types (id, description) FROM stdin;
1	1 type: type 1: 1 sup temp 70; 1 ret temp 30
2	1 type: type 2: 1 sup temp 10; 1 ret temp 18
3	1 type: type 3: 1 sup temp 18; 1 ret temp 10
4	1 type: type 4: 2 sup temp 70&10; 2 ret temp 30&18
5	1 type: type 5: 2 sup temp 70&10; 1 ret temp 30
6	2 types: type 1: 1 sup temp 70; 1 ret temp 30;; type 6: 1 sup temp 70; 1 ret temp 30; mdot
7	1 type: type 6: 1 sup temp 70; 1 ret temp 30; mdot
8	1 type: type 7: 1 sup temp 18; 1 ret temp 10; mdot
9	1 type: type 8: 1 sup temp 10; 1 ret temp 18; mdot
10	1 type: type 9: 2 sup temp 70&10; 1 ret temp 30; mdot
11	1 type: type 10: 2 sup temp 70&10 mdot; 2 ret temp 30&18 mdot
12	2 types: type 2: 1 sup temp 10; 1 ret temp 18;; type 8: 1 sup temp 10; 1 ret temp 18; mdot
13	2 types: type 4: 2 sup temp 70&10; 2 ret temp 30&18;; type 10: 2 sup temp 70&10; 2 ret temp 30&18; mdot
14	2 types: type 5: 2 sup temp 70&10; 1 ret temp 30;; type 9: 2 sup temp 70&10; 1 ret temp 30; mdot
15	2 types: type 3: 1 sup temp 18; 1 ret temp 10;; type 7: 1 sup temp 18; 1 ret temp 10; mdot
\.


--
-- Data for Name: connection_type_connections; Type: TABLE DATA; Schema: public;
--

COPY public.connection_type_connections (id, connection_type_id, sequence, connection_id) FROM stdin;
1	1	1	1
2	1	2	2
3	2	1	3
4	2	2	4
5	3	1	5
6	3	2	6
7	4	1	1
8	4	2	3
9	4	3	2
10	4	4	4
11	5	1	1
12	5	2	3
13	5	3	2
14	6	1	7
15	6	2	8
16	7	1	9
17	7	2	10
18	8	1	11
19	8	2	12
20	9	1	7
21	9	2	11
22	9	3	8
23	10	1	7
25	10	2	11
24	10	3	8
26	10	4	12
\.


--
-- Data for Name: connection_types; Type: TABLE DATA; Schema: public;
--

COPY public.connection_types (id, description) FROM stdin;
0	Unkown
1	1 sup temp 70; 1 ret temp 30
2	1 sup temp 10; 1 ret temp 18
3	1 sup temp 18; 1 ret temp 10
4	2 sup temp 70&10; 2 ret temp 30&18
5	2 sup temp 70&10; 1 ret temp 30
6	1 sup temp 70; 1 ret temp 30; mdot
7	1 sup temp 18; 1 ret temp 10; mdot
8	1 sup temp 10; 1 ret temp 18; mdot
9	2 sup temp 70&10; 1 ret temp 30; mdot
10	2 sup temp 70&10 mdot; 2 ret temp 30 mdot
\.


--
-- Data for Name: connections; Type: TABLE DATA; Schema: public;
--

COPY public.connections (id, type, p_ctrl, temp, p, mdot, description) FROM stdin;
1	1	f	70	100000	\N	Supply: 70 °C;100000Pa
2	2	f	30	0	\N	Return: 30 °C;0Pa
3	1	f	10	100000	\N	Supply: 10 °C;100000Pa
4	2	f	18	0	\N	Return: 18 °C;0Pa
5	1	f	18	100000	\N	Supply: 18 °C;100000Pa
6	2	f	10	0	\N	Return: 10 °C;0Pa
7	1	t	70	\N	0.1	Supply: 70 °C;0.1kg/s
8	2	t	30	\N	0.1	Return: 30 °C;0.1kg/s
9	1	t	18	\N	0.1	Supply: 18 °C;0.1kg/s
10	2	t	10	\N	0.1	Return: 10 °C;0.1kg/s
11	1	t	10	\N	0.1	Supply: 10 °C;0.1kg/s
12	2	t	18	\N	0.1	Return: 18 °C;0.1kg/s
\.


--
-- Data for Name: customer_templates; Type: TABLE DATA; Schema: public;
--

COPY public.customer_templates (id, template, template_name, conn_bundle_type, description) FROM stdin;
1	1	simplified_consumer	1	
\.


--
-- Data for Name: energy_plant_templates; Type: TABLE DATA; Schema: public;
--

COPY public.energy_plant_templates (id, template, template_name, conn_bundle_type, description) FROM stdin;
1	1	ideal_heat_source	7	This type of energy plant supplies heat by one supply and return line.
\.



--
-- Data for Name: junction_types; Type: TABLE DATA; Schema: public;
--

COPY public.junction_types (id, type, description) FROM stdin;
0	unkown	Unkown
1	cross	Also known as a 4-way tee. A cross allows four segments of pipe to connect.
2	end_cap	An end cap is a coupling with only one socket for connecting to a pipe segment. It is used to close the otherwise open end of a pipe
3	reducer	A coupling where one socket opening has a smaller diameter than the other socket opening.
4	tee	A fitting for combining or dividing flow. It has three or four socket openings.
5	y_connector	A type of tee which allows three pipe segments to be joined. Two of the pipe sockecs are at a 45 degree angle to each other.
\.

--
-- Data for Name: line_types; Type: TABLE DATA; Schema: public;
--

COPY public.line_types (id, type, description) FROM stdin;
0	unkown	Unkown
1	service_pipe	The subtype feature layer Service Pipe describes the linear containers that transport the water or steam from the distribution pipe to the customer or customer pipe. Service Pipe is intended to be used for storing the representation of the physical pipe through all stages of its engineering life cycle (proposed, active, inactive, retired, removed, and abandoned).
2	distribution_pipe	The subtype feature layer Distribution Pipe describes the linear containers that transport the water or steam from the transmission pipe to the service pipe. Distribution Pipe is intended to be used for storing the representation of the physical pipe through all stages of its engineering life cycle (proposed, active, inactive, retired, removed, and abandoned).
3	transmission_pipe	The subtype feature layer Transmission pipe describes the linear containers that transport the water or steam from the production facility to the distribution pipe. Transmission pipe is intended to be used for storing the representation of the physical pipe through all stages of its engineering life cycle (proposed, active, inactive, retired, removed, and abandoned).
4	station_pipe	The subtype feature layer Station Pipe describes the linear containers that transport the water or steam within a station facility. Station Pipe is intended to be used for storing the representation of the physical pipe through all stages of its engineering life cycle (proposed, active, inactive, retired, removed, and abandoned).
5	customer_pipe	The subtype feature layer Customer Pipe describes the linear containers that transport the water or steam within the customer building. Customer Pipe is intended to be used for storing the representation of the physical pipe through all stages of its engineering life cycle (proposed, active, inactive, retired, removed, and abandoned).
\.


--
-- Data for Name: liquids; Type: TABLE DATA; Schema: public;
--

COPY public.liquids (id, liquid) FROM stdin;
1	Water
2	Freezium
3	Ethylene_Glycol
4	Propylene_Glycol
5	Ethanol
6	Methanol
7	Glycerol
8	Ammonia
9	Potassium_Carbonate
10	Calcium_Chloride
11	Magnesium_Chloride
12	Sodium_Chloride
13	Potassium_Acetate
\.


--
-- Data for Name: materials; Type: TABLE DATA; Schema: public;
--

COPY public.materials (id, name, thermal_conductivity_w7mkelvin, specific_heat_j7kgkelvin, density_kg7m3) FROM stdin;
1	P235TR1	55.2	460	7850
2	Polyurethan foam	0.027	130	60
3	PEHD	0.4	1900	950
4	PEX	0.38	550	938
5	Ground	1.18	1344	1387
\.


--
-- Data for Name: measure; Type: TABLE DATA; Schema: public;
--

COPY public.measure (id, measure, unit) FROM stdin;
1	temperature	°C
2	pressure	Pa
3	mass_flow	kg/s
4	power	W
5	custom	
\.


--
-- Data for Name: pipe_ambient; Type: TABLE DATA; Schema: public;
--

COPY public.pipe_ambient (id, ambient) FROM stdin;
1	ambient_air
2	ground
3	duct
\.


--
-- Data for Name: pipe_bundle_types; Type: TABLE DATA; Schema: public;
--

COPY public.pipe_bundle_types (id, invest_costs, operation_costs, description) FROM stdin;
1	\N	\N	pipe bundle
2	\N	\N	pipes: 5,5
3	\N	\N	pipes: 11,11
4	\N	\N	pipes: 6,6
5	\N	\N	pipes: 8,8
6	\N	\N	pipes: 3,3
7	\N	\N	pipes: 4,4
8	\N	\N	pipes: 2,2
9	\N	\N	pipes: 9,9
10	\N	\N	pipes: 7,7
11	\N	\N	pipes: 10,10
\.


--
-- Data for Name: pipe_constructions; Type: TABLE DATA; Schema: public;
--

COPY public.pipe_constructions (id, name) FROM stdin;
1	0.01 m P235TR1 0.08 m Polyurethan foam
2	0.01 m P235TR1 0.12 m Polyurethan foam
\.


--
-- Data for Name: pipe_layers; Type: TABLE DATA; Schema: public;
--

COPY public.pipe_layers (id, pipe_construction_id, materialid, thickness, sequence) FROM stdin;
1	1	1	0.01	1
2	1	2	0.08	2
3	2	1	0.01	1
4	2	2	0.12	2
\.


--
-- Data for Name: pipes; Type: TABLE DATA; Schema: public;
--

COPY public.pipes (id, name, innerpipediameter, piperoughnessfactor, pipe_construction_id, costs, description) FROM stdin;
1	Isoplus DRE-20	0.0217	0.000045	1	\N	DN20; Da Casing Pipe 90 mm Standard
2	Isoplus DRE-25	0.0273	0.000045	1	\N	DN25; Da Casing Pipe 90 mm Standard
3	Isoplus DRE-32	0.036	0.000045	1	\N	DN32; Da Casing Pipe 110 mm Standard
4	Isoplus DRE-40	0.0419	0.000045	1	\N	DN40; Da Casing Pipe 110 mm Standard
5	Isoplus DRE-50	0.0539	0.000045	1	\N	DN50; Da Casing Pipe 125 mm Standard
6	Isoplus DRE-65	0.0697	0.000045	1	\N	DN65; Da Casing Pipe 140 mm Standard
7	Isoplus DRE-80	0.0825	0.000045	1	\N	DN80; Da Casing Pipe 160 mm Standard
8	Isoplus DRE-100	0.1071	0.000045	1	\N	DN100; Da Casing Pipe 200 mm Standard
9	Isoplus DRE-125	0.1325	0.000045	1	\N	DN125; Da Casing Pipe 225 mm Standard
10	Isoplus DRE-150	0.1603	0.000045	1	\N	DN150; Da Casing Pipe 250 mm Standard
11	Isoplus DRE-175	0.1847	0.000045	1	\N	DN175; Da Casing Pipe 280 mm Standard
12	Isoplus DRE-200	0.2101	0.000045	1	\N	DN200; Da Casing Pipe 315 mm Standard
13	Isoplus DRE-225	0.2345	0.000045	1	\N	DN225; Da Casing Pipe 355 mm Standard
14	Isoplus DRE-250	0.263	0.000045	1	\N	DN250; Da Casing Pipe 400 mm Standard
15	Isoplus DRE-300	0.3127	0.000045	1	\N	DN300; Da Casing Pipe 450 mm Standard
16	Isoplus DRE-350	0.3444	0.000045	1	\N	DN350; Da Casing Pipe 500 mm Standard
17	Isoplus DRE-400	0.3938	0.000045	1	\N	DN400; Da Casing Pipe 560 mm Standard
18	Isoplus DRE-450	0.4444	0.000045	1	\N	DN450; Da Casing Pipe 630 mm Standard
19	Isoplus DRE-500	0.4954	0.000045	1	\N	DN500; Da Casing Pipe 710 mm Standard
20	Isoplus DRE-550	0.5462	0.000045	1	\N	DN550; Da Casing Pipe 710 mm Standard
21	Isoplus DRE-600	0.5958	0.000045	1	\N	DN600; Da Casing Pipe 800 mm Standard
22	Isoplus DRE-650	0.6458	0.000045	1	\N	DN650; Da Casing Pipe 900 mm Standard
23	Isoplus DRE-700	0.695	0.000045	1	\N	DN700; Da Casing Pipe 900 mm Standard
24	Isoplus DRE-750	0.746	0.000045	1	\N	DN750; Da Casing Pipe 1000 mm Standard
25	Isoplus DRE-800	0.7954	0.000045	1	\N	DN800; Da Casing Pipe 1000 mm Standard
26	Isoplus DRE-850	0.8464	0.000045	1	\N	DN850; Da Casing Pipe 1100 mm Standard
27	Isoplus DRE-900	0.894	0.000045	1	\N	DN900; Da Casing Pipe 1100 mm Standard
28	Isoplus DRE-1000	0.994	0.000045	1	\N	DN1000; Da Casing Pipe 1200 mm Standard
\.


--
-- Data for Name: prefered_conn_dir; Type: TABLE DATA; Schema: public;
--

COPY public.prefered_conn_dir (id, name) FROM stdin;
1	supply
2	return
3	Zone_sup_hot
4	Zone_rtn_hot
5	Zone_sup_cold
6	Zone_ret_cold
7	AHU_sup_hot
8	AHU_rtn_hot
9	AHU_sup_cold
10	AHU_rtn_cold
\.


--
-- Data for Name: signal_function; Type: TABLE DATA; Schema: public;
--

COPY public.signal_function (id, function) FROM stdin;
1	min
2	max
3	average
4	add
5	same_signal
6	individual_signals
\.

--
-- Data for Name: versionhandling; Type: TABLE DATA; Schema: public;
--

COPY public.versionhandling (id, name, id_base, description) FROM stdin;
1	base1	0	base version
\.

--
-- Data for Name: type; Type: TABLE DATA; Schema: public;
--

COPY public.type (id, name) FROM stdin;
1	customer
2	energy_plant
3	supervisory
4	results
\.

--
-- Data for Name: customer_model_parms; Type: TABLE DATA; Schema: public;
--

COPY public.model_parms (id, parm_name, model_name, mapping_expression, macro_name, mapping_direction, type) FROM stdin;
1	QRat	hx_substation	"load_w"	:FEATURE	-->	1
2	FloorArea	loadmodel	"gfa_m2"	:FEATURE	-->	1
3	Kvs	vlvbid_substation	"load_w"/30/4180*3.6	:FEATURE	-->	1
\.

--
-- Data for Name: sensors; Type: TABLE DATA; Schema: public;
--

COPY public.sensors (id) FROM stdin;
1
\.


--
-- Data for Name: sensor_source; Type: TABLE DATA; Schema: public;
--

COPY public.sensor_source (id, sensor_id, type, template, measure, function, conn_type, conns, test_value, description) FROM stdin;
1	1	1	1	5	1	1	1	1.0	weak point control
\.


--
-- Data for Name: sensor_target; Type: TABLE DATA; Schema: public;
--

COPY public.sensor_target (id, sensor_id, type, template, test_value, description) FROM stdin;
1	1	2	1	1.0	weak point control
\.

--
-- Data for Name: source_template; Type: TABLE DATA; Schema: public;
--

COPY public.source_template (id, source_id, template, active) FROM stdin;
1	1	1	t
\.

--
-- Data for Name: target_template; Type: TABLE DATA; Schema: public;
--

COPY public.target_template (id, target_id, template, active) FROM stdin;
1	1	1	t
\.


--
-- Data for Name: invoked_sensor_source_signals; Type: TABLE DATA; Schema: public;
--

COPY public.invoked_sensor_source_signals (id, type, sensor_id, templates, multi_signal, test_value, description) FROM stdin;
1	1	1	{1}	false	1.0	weak point control
\.


--
-- Data for Name: invoked_sensor_target_signals; Type: TABLE DATA; Schema: public;
--

COPY public.invoked_sensor_target_signals (id, type, sensor_id, templates, multi_signal, test_value, description) FROM stdin;
1	2	{1}	1	false	1.0	weak point control
\.





------------ data for version tables------------

--
-- Data for Name: buildings; Type: TABLE DATA; Schema: base1; Owner: postgres
--

COPY base1.buildings (id, b_id, z_id, substation_id, submodel, geom, z_bh_m, z_height_m) FROM stdin;
2	1	1	1	2	0106000020E8640000010000000103000000010000000B000000F262A615DBD72E416A55C052683C59415DE07AC9C7D72E419820D7786A3C5941609A7020DED72E416B570BA36C3C594124A2C935FDD72E4162E25BAC6C3C5941BD40852E0DD82E41533CB7616C3C594127DF004F2ED82E4160117F486B3C5941C4AFFDD323D82E41E8174A60683C5941B0AEF1760BD82E411310F234693C594126FEA44BF9D72E4170598F74693C59416143CEBBE8D72E4138DD687C693C5941F262A615DBD72E416A55C052683C5941	0	2.7
3	1	2	1	2	0106000020E8640000010000000103000000010000000B000000F262A615DBD72E416A55C052683C59415DE07AC9C7D72E419820D7786A3C5941609A7020DED72E416B570BA36C3C594124A2C935FDD72E4162E25BAC6C3C5941BD40852E0DD82E41533CB7616C3C594127DF004F2ED82E4160117F486B3C5941C4AFFDD323D82E41E8174A60683C5941B0AEF1760BD82E411310F234693C594126FEA44BF9D72E4170598F74693C59416143CEBBE8D72E4138DD687C693C5941F262A615DBD72E416A55C052683C5941	3	2.7
4	1	3	1	2	0106000020E8640000010000000103000000010000000B000000F262A615DBD72E416A55C052683C59415DE07AC9C7D72E419820D7786A3C5941609A7020DED72E416B570BA36C3C594124A2C935FDD72E4162E25BAC6C3C5941BD40852E0DD82E41533CB7616C3C594127DF004F2ED82E4160117F486B3C5941C4AFFDD323D82E41E8174A60683C5941B0AEF1760BD82E411310F234693C594126FEA44BF9D72E4170598F74693C59416143CEBBE8D72E4138DD687C693C5941F262A615DBD72E416A55C052683C5941	6	2.7
5	1	4	1	2	0106000020E8640000010000000103000000010000000B000000F262A615DBD72E416A55C052683C59415DE07AC9C7D72E419820D7786A3C5941609A7020DED72E416B570BA36C3C594124A2C935FDD72E4162E25BAC6C3C5941BD40852E0DD82E41533CB7616C3C594127DF004F2ED82E4160117F486B3C5941C4AFFDD323D82E41E8174A60683C5941B0AEF1760BD82E411310F234693C594126FEA44BF9D72E4170598F74693C59416143CEBBE8D72E4138DD687C693C5941F262A615DBD72E416A55C052683C5941	9	2.7
6	2	1	2	2	0106000020E864000001000000010300000001000000050000000E66184B15D82E41D646BE0F4E3C5941BA3C6329F8D72E41AE9AF9884A3C5941027FA3FD0BD82E41C2C7DAFB473C59415A6B5B1F29D82E417816A0824B3C59410E66184B15D82E41D646BE0F4E3C5941	0	2.7
7	2	2	2	2	0106000020E864000001000000010300000001000000050000000E66184B15D82E41D646BE0F4E3C5941BA3C6329F8D72E41AE9AF9884A3C5941027FA3FD0BD82E41C2C7DAFB473C59415A6B5B1F29D82E417816A0824B3C59410E66184B15D82E41D646BE0F4E3C5941	3	2.7
8	2	3	2	2	0106000020E864000001000000010300000001000000050000000E66184B15D82E41D646BE0F4E3C5941BA3C6329F8D72E41AE9AF9884A3C5941027FA3FD0BD82E41C2C7DAFB473C59415A6B5B1F29D82E417816A0824B3C59410E66184B15D82E41D646BE0F4E3C5941	6	2.7
9	3	1	3	2	0106000020E8640000010000000103000000010000000500000070CCC2CE41D72E41C6486808583C59413CC7F2E438D72E41B2548A3C543C5941DE717EF74BD72E41E2B9629A533C5941A3F98F3655D72E41268E8053573C594170CCC2CE41D72E41C6486808583C5941	0	2.7
10	3	2	3	2	0106000020E8640000010000000103000000010000000500000070CCC2CE41D72E41C6486808583C59413CC7F2E438D72E41B2548A3C543C5941DE717EF74BD72E41E2B9629A533C5941A3F98F3655D72E41268E8053573C594170CCC2CE41D72E41C6486808583C5941	3	2.7
11	3	3	3	2	0106000020E8640000010000000103000000010000000500000070CCC2CE41D72E41C6486808583C59413CC7F2E438D72E41B2548A3C543C5941DE717EF74BD72E41E2B9629A533C5941A3F98F3655D72E41268E8053573C594170CCC2CE41D72E41C6486808583C5941	6	2.7
12	4	1	4	2	0106000020E8640000010000000103000000010000000500000041A287E19ED72E4173A752B8593C5941CB594ADAC9D72E41405E4F02593C59413ECB002EC7D72E4125931B7D563C5941446C37359CD72E4154081F33573C594141A287E19ED72E4173A752B8593C5941	0	2.7
13	4	2	4	2	0106000020E8640000010000000103000000010000000500000041A287E19ED72E4173A752B8593C5941CB594ADAC9D72E41405E4F02593C59413ECB002EC7D72E4125931B7D563C5941446C37359CD72E4154081F33573C594141A287E19ED72E4173A752B8593C5941	3	2.7
14	4	3	4	2	0106000020E8640000010000000103000000010000000500000041A287E19ED72E4173A752B8593C5941CB594ADAC9D72E41405E4F02593C59413ECB002EC7D72E4125931B7D563C5941446C37359CD72E4154081F33573C594141A287E19ED72E4173A752B8593C5941	6	2.7
15	5	1	5	2	0106000020E86400000100000001030000000100000005000000C0FFDE6525D82E41A25AEAC75B3C5941403954AC01D82E41687AE3E6563C59411E66B50213D82E414C19EDEC543C59414AA907BD36D82E41574F3FCD593C5941C0FFDE6525D82E41A25AEAC75B3C5941	0	2.7
16	5	2	5	2	0106000020E86400000100000001030000000100000005000000C0FFDE6525D82E41A25AEAC75B3C5941403954AC01D82E41687AE3E6563C59411E66B50213D82E414C19EDEC543C59414AA907BD36D82E41574F3FCD593C5941C0FFDE6525D82E41A25AEAC75B3C5941	3	2.7
17	5	3	5	2	0106000020E86400000100000001030000000100000005000000C0FFDE6525D82E41A25AEAC75B3C5941403954AC01D82E41687AE3E6563C59411E66B50213D82E414C19EDEC543C59414AA907BD36D82E41574F3FCD593C5941C0FFDE6525D82E41A25AEAC75B3C5941	6	2.7
18	5	4	5	2	0106000020E86400000100000001030000000100000005000000C0FFDE6525D82E41A25AEAC75B3C5941403954AC01D82E41687AE3E6563C59411E66B50213D82E414C19EDEC543C59414AA907BD36D82E41574F3FCD593C5941C0FFDE6525D82E41A25AEAC75B3C5941	9	2.7
19	5	5	5	2	0106000020E86400000100000001030000000100000005000000C0FFDE6525D82E41A25AEAC75B3C5941403954AC01D82E41687AE3E6563C59411E66B50213D82E414C19EDEC543C59414AA907BD36D82E41574F3FCD593C5941C0FFDE6525D82E41A25AEAC75B3C5941	12	2.7
20	6	1	6	2	0106000020E86400000100000001030000000100000005000000506DCB85FAD72E41944839E05F3C5941C8421BD512D82E41C076625A5D3C594178FAD16901D82E41218543BD5A3C5941E2109E17E9D72E4132320E435D3C5941506DCB85FAD72E41944839E05F3C5941	0	2.7
21	6	2	6	2	0106000020E86400000100000001030000000100000005000000506DCB85FAD72E41944839E05F3C5941C8421BD512D82E41C076625A5D3C594178FAD16901D82E41218543BD5A3C5941E2109E17E9D72E4132320E435D3C5941506DCB85FAD72E41944839E05F3C5941	3	2.7
22	6	3	6	2	0106000020E86400000100000001030000000100000005000000506DCB85FAD72E41944839E05F3C5941C8421BD512D82E41C076625A5D3C594178FAD16901D82E41218543BD5A3C5941E2109E17E9D72E4132320E435D3C5941506DCB85FAD72E41944839E05F3C5941	6	2.7
23	7	1	7	2	0106000020E86400000100000001030000000100000005000000C472950E3AD82E41B787F1174A3C5941920C97161CD82E41308A6811463C5941C0696B672FD82E419E6B4FD4433C59413A916B5F4DD82E41A80DD9DA473C5941C472950E3AD82E41B787F1174A3C5941	0	2.7
24	7	2	7	2	0106000020E86400000100000001030000000100000005000000C472950E3AD82E41B787F1174A3C5941920C97161CD82E41308A6811463C5941C0696B672FD82E419E6B4FD4433C59413A916B5F4DD82E41A80DD9DA473C5941C472950E3AD82E41B787F1174A3C5941	3	2.7
25	7	3	7	2	0106000020E86400000100000001030000000100000005000000C472950E3AD82E41B787F1174A3C5941920C97161CD82E41308A6811463C5941C0696B672FD82E419E6B4FD4433C59413A916B5F4DD82E41A80DD9DA473C5941C472950E3AD82E41B787F1174A3C5941	6	2.7
26	8	1	8	2	0106000020E86400000100000001030000000100000005000000B6F55300EED72E41DE349149513C59414C1D24A0D5D72E41923852DD4D3C59416D778530E9D72E414C2820AC4B3C5941273FB38700D82E418DDE02234F3C5941B6F55300EED72E41DE349149513C5941	0	2.7
27	8	2	8	2	0106000020E86400000100000001030000000100000005000000B6F55300EED72E41DE349149513C59414C1D24A0D5D72E41923852DD4D3C59416D778530E9D72E414C2820AC4B3C5941273FB38700D82E418DDE02234F3C5941B6F55300EED72E41DE349149513C5941	3	2.7
28	8	3	8	2	0106000020E86400000100000001030000000100000005000000B6F55300EED72E41DE349149513C59414C1D24A0D5D72E41923852DD4D3C59416D778530E9D72E414C2820AC4B3C5941273FB38700D82E418DDE02234F3C5941B6F55300EED72E41DE349149513C5941	6	2.7
29	9	1	9	2	0106000020E8640000010000000103000000010000000B0000000700F5E7EFD62E414B5CC6FE5A3C59410ED5FF4662D72E41507774E7653C5941DB4B2B8C70D72E41965F4EBB633C59410A71D7ACACD72E41D7C44E05693C59416A8DB59AC5D72E4174306929663C59419ED9089DB1D72E41AC67957A633C594145F64F1BAAD72E417C225325643C5941D7EC37CF69D72E415434E8DD5D3C5941475A5DFD58D72E41E5C18EAD603C59418D42CD1501D72E41F91A67F8573C59410700F5E7EFD62E414B5CC6FE5A3C5941	0	2.7
30	9	2	9	2	0106000020E8640000010000000103000000010000000B0000000700F5E7EFD62E414B5CC6FE5A3C59410ED5FF4662D72E41507774E7653C5941DB4B2B8C70D72E41965F4EBB633C59410A71D7ACACD72E41D7C44E05693C59416A8DB59AC5D72E4174306929663C59419ED9089DB1D72E41AC67957A633C594145F64F1BAAD72E417C225325643C5941D7EC37CF69D72E415434E8DD5D3C5941475A5DFD58D72E41E5C18EAD603C59418D42CD1501D72E41F91A67F8573C59410700F5E7EFD62E414B5CC6FE5A3C5941	3	2.7
31	9	3	9	2	0106000020E8640000010000000103000000010000000B0000000700F5E7EFD62E414B5CC6FE5A3C59410ED5FF4662D72E41507774E7653C5941DB4B2B8C70D72E41965F4EBB633C59410A71D7ACACD72E41D7C44E05693C59416A8DB59AC5D72E4174306929663C59419ED9089DB1D72E41AC67957A633C594145F64F1BAAD72E417C225325643C5941D7EC37CF69D72E415434E8DD5D3C5941475A5DFD58D72E41E5C18EAD603C59418D42CD1501D72E41F91A67F8573C59410700F5E7EFD62E414B5CC6FE5A3C5941	6	2.7
32	9	4	9	2	0106000020E8640000010000000103000000010000000B0000000700F5E7EFD62E414B5CC6FE5A3C59410ED5FF4662D72E41507774E7653C5941DB4B2B8C70D72E41965F4EBB633C59410A71D7ACACD72E41D7C44E05693C59416A8DB59AC5D72E4174306929663C59419ED9089DB1D72E41AC67957A633C594145F64F1BAAD72E417C225325643C5941D7EC37CF69D72E415434E8DD5D3C5941475A5DFD58D72E41E5C18EAD603C59418D42CD1501D72E41F91A67F8573C59410700F5E7EFD62E414B5CC6FE5A3C5941	9	2.7
33	10	1	10	2	0106000020E8640000010000000103000000010000000500000004C5203BA3D72E4172409F635F3C59417CE642F1CCD72E4135C26FF25E3C5941BAE41B02CBD72E41345015215C3C59415A16114EA1D72E41A3EA06935C3C594104C5203BA3D72E4172409F635F3C5941	0	2.7
34	10	2	10	2	0106000020E8640000010000000103000000010000000500000004C5203BA3D72E4172409F635F3C59417CE642F1CCD72E4135C26FF25E3C5941BAE41B02CBD72E41345015215C3C59415A16114EA1D72E41A3EA06935C3C594104C5203BA3D72E4172409F635F3C5941	3	2.7
35	10	3	10	2	0106000020E8640000010000000103000000010000000500000004C5203BA3D72E4172409F635F3C59417CE642F1CCD72E4135C26FF25E3C5941BAE41B02CBD72E41345015215C3C59415A16114EA1D72E41A3EA06935C3C594104C5203BA3D72E4172409F635F3C5941	6	2.7
36	11	1	11	2	0106000020E8640000010000000103000000010000000500000089F1621370D72E41987969A0583C5941889F35F562D72E41148547BE523C594120A7F7B576D72E414625CA00523C5941EA41B94E85D72E41A0D47FD9573C594189F1621370D72E41987969A0583C5941	0	2.7
37	11	2	11	2	0106000020E8640000010000000103000000010000000500000089F1621370D72E41987969A0583C5941889F35F562D72E41148547BE523C594120A7F7B576D72E414625CA00523C5941EA41B94E85D72E41A0D47FD9573C594189F1621370D72E41987969A0583C5941	3	2.7
38	11	3	11	2	0106000020E8640000010000000103000000010000000500000089F1621370D72E41987969A0583C5941889F35F562D72E41148547BE523C594120A7F7B576D72E414625CA00523C5941EA41B94E85D72E41A0D47FD9573C594189F1621370D72E41987969A0583C5941	6	2.7
39	40	1	40	2	0106000020E86400000100000001030000000100000005000000FD8903720AD82E4168008B56363C5941FB29EF0123D82E41941DE7DB333C5941FEE3D69432D82E41E981B32B363C59410E8344D71AD82E4127A5F0D5383C5941FD8903720AD82E4168008B56363C5941	0	2.7
40	40	2	40	2	0106000020E86400000100000001030000000100000005000000FD8903720AD82E4168008B56363C5941FB29EF0123D82E41941DE7DB333C5941FEE3D69432D82E41E981B32B363C59410E8344D71AD82E4127A5F0D5383C5941FD8903720AD82E4168008B56363C5941	3	2.7
41	40	3	40	2	0106000020E86400000100000001030000000100000005000000FD8903720AD82E4168008B56363C5941FB29EF0123D82E41941DE7DB333C5941FEE3D69432D82E41E981B32B363C59410E8344D71AD82E4127A5F0D5383C5941FD8903720AD82E4168008B56363C5941	6	2.7
42	41	1	41	2	0106000020E864000001000000010300000001000000050000008034CDF0CDD72E41E45C363B433C5941534FCE3BDFD72E419DECCF53413C594130AFC298F9D72E4126C0700F453C59410E4F9DCFE7D72E4119D204F9463C59418034CDF0CDD72E41E45C363B433C5941	0	2.7
43	41	2	41	2	0106000020E864000001000000010300000001000000050000008034CDF0CDD72E41E45C363B433C5941534FCE3BDFD72E419DECCF53413C594130AFC298F9D72E4126C0700F453C59410E4F9DCFE7D72E4119D204F9463C59418034CDF0CDD72E41E45C363B433C5941	3	2.7
44	41	3	41	2	0106000020E864000001000000010300000001000000050000008034CDF0CDD72E41E45C363B433C5941534FCE3BDFD72E419DECCF53413C594130AFC298F9D72E4126C0700F453C59410E4F9DCFE7D72E4119D204F9463C59418034CDF0CDD72E41E45C363B433C5941	6	2.7
45	19	1	19	2	0106000020E8640000010000000103000000010000001200000038F4CCF313D62E41E59CBB34113C594170BDCDC34DD62E41C848E1EB183C594162D77DB352D62E41CBCB949F1A3C594182236A0F80D62E412DA79B90243C5941D8DDDDAC7CD62E41D1D757F8253C59417071650E3AD62E414E90914D293C5941FF87838B2CD62E41E7774DD6253C59415AB12FDA54D62E415C132FFB233C59419477EAFB54D62E4100B1404A233C5941A252AA4B37D62E410DC8438B1C3C59414322311D2DD62E418868B5FB193C59414D19487127D62E41E157F8A71A3C594142EBC98614D62E415126812D183C594190B519F4F7D52E41850F96971B3C5941FAAF22D7DFD52E41486DC240183C5941729557A805D62E411373911E143C59418C925F2902D62E41267DD25D133C594138F4CCF313D62E41E59CBB34113C5941	0	2.7
46	19	2	19	2	0106000020E8640000010000000103000000010000001200000038F4CCF313D62E41E59CBB34113C594170BDCDC34DD62E41C848E1EB183C594162D77DB352D62E41CBCB949F1A3C594182236A0F80D62E412DA79B90243C5941D8DDDDAC7CD62E41D1D757F8253C59417071650E3AD62E414E90914D293C5941FF87838B2CD62E41E7774DD6253C59415AB12FDA54D62E415C132FFB233C59419477EAFB54D62E4100B1404A233C5941A252AA4B37D62E410DC8438B1C3C59414322311D2DD62E418868B5FB193C59414D19487127D62E41E157F8A71A3C594142EBC98614D62E415126812D183C594190B519F4F7D52E41850F96971B3C5941FAAF22D7DFD52E41486DC240183C5941729557A805D62E411373911E143C59418C925F2902D62E41267DD25D133C594138F4CCF313D62E41E59CBB34113C5941	3	2.7
47	19	3	19	2	0106000020E8640000010000000103000000010000001200000038F4CCF313D62E41E59CBB34113C594170BDCDC34DD62E41C848E1EB183C594162D77DB352D62E41CBCB949F1A3C594182236A0F80D62E412DA79B90243C5941D8DDDDAC7CD62E41D1D757F8253C59417071650E3AD62E414E90914D293C5941FF87838B2CD62E41E7774DD6253C59415AB12FDA54D62E415C132FFB233C59419477EAFB54D62E4100B1404A233C5941A252AA4B37D62E410DC8438B1C3C59414322311D2DD62E418868B5FB193C59414D19487127D62E41E157F8A71A3C594142EBC98614D62E415126812D183C594190B519F4F7D52E41850F96971B3C5941FAAF22D7DFD52E41486DC240183C5941729557A805D62E411373911E143C59418C925F2902D62E41267DD25D133C594138F4CCF313D62E41E59CBB34113C5941	6	2.7
48	19	4	19	2	0106000020E8640000010000000103000000010000001200000038F4CCF313D62E41E59CBB34113C594170BDCDC34DD62E41C848E1EB183C594162D77DB352D62E41CBCB949F1A3C594182236A0F80D62E412DA79B90243C5941D8DDDDAC7CD62E41D1D757F8253C59417071650E3AD62E414E90914D293C5941FF87838B2CD62E41E7774DD6253C59415AB12FDA54D62E415C132FFB233C59419477EAFB54D62E4100B1404A233C5941A252AA4B37D62E410DC8438B1C3C59414322311D2DD62E418868B5FB193C59414D19487127D62E41E157F8A71A3C594142EBC98614D62E415126812D183C594190B519F4F7D52E41850F96971B3C5941FAAF22D7DFD52E41486DC240183C5941729557A805D62E411373911E143C59418C925F2902D62E41267DD25D133C594138F4CCF313D62E41E59CBB34113C5941	9	2.7
49	19	5	19	2	0106000020E8640000010000000103000000010000001200000038F4CCF313D62E41E59CBB34113C594170BDCDC34DD62E41C848E1EB183C594162D77DB352D62E41CBCB949F1A3C594182236A0F80D62E412DA79B90243C5941D8DDDDAC7CD62E41D1D757F8253C59417071650E3AD62E414E90914D293C5941FF87838B2CD62E41E7774DD6253C59415AB12FDA54D62E415C132FFB233C59419477EAFB54D62E4100B1404A233C5941A252AA4B37D62E410DC8438B1C3C59414322311D2DD62E418868B5FB193C59414D19487127D62E41E157F8A71A3C594142EBC98614D62E415126812D183C594190B519F4F7D52E41850F96971B3C5941FAAF22D7DFD52E41486DC240183C5941729557A805D62E411373911E143C59418C925F2902D62E41267DD25D133C594138F4CCF313D62E41E59CBB34113C5941	12	2.7
50	19	6	19	2	0106000020E8640000010000000103000000010000001200000038F4CCF313D62E41E59CBB34113C594170BDCDC34DD62E41C848E1EB183C594162D77DB352D62E41CBCB949F1A3C594182236A0F80D62E412DA79B90243C5941D8DDDDAC7CD62E41D1D757F8253C59417071650E3AD62E414E90914D293C5941FF87838B2CD62E41E7774DD6253C59415AB12FDA54D62E415C132FFB233C59419477EAFB54D62E4100B1404A233C5941A252AA4B37D62E410DC8438B1C3C59414322311D2DD62E418868B5FB193C59414D19487127D62E41E157F8A71A3C594142EBC98614D62E415126812D183C594190B519F4F7D52E41850F96971B3C5941FAAF22D7DFD52E41486DC240183C5941729557A805D62E411373911E143C59418C925F2902D62E41267DD25D133C594138F4CCF313D62E41E59CBB34113C5941	15	2.7
51	20	1	20	2	0106000020E864000001000000010300000001000000050000009C6787094ED62E410266AF35333C59412ADCD05441D62E4103AA084D2F3C594151BA6EF897D62E41C9285FEB2A3C594130F716ADA4D62E412C3A07D42E3C59419C6787094ED62E410266AF35333C5941	0	2.7
52	20	2	20	2	0106000020E864000001000000010300000001000000050000009C6787094ED62E410266AF35333C59412ADCD05441D62E4103AA084D2F3C594151BA6EF897D62E41C9285FEB2A3C594130F716ADA4D62E412C3A07D42E3C59419C6787094ED62E410266AF35333C5941	3	2.7
53	20	3	20	2	0106000020E864000001000000010300000001000000050000009C6787094ED62E410266AF35333C59412ADCD05441D62E4103AA084D2F3C594151BA6EF897D62E41C9285FEB2A3C594130F716ADA4D62E412C3A07D42E3C59419C6787094ED62E410266AF35333C5941	6	2.7
54	20	4	20	2	0106000020E864000001000000010300000001000000050000009C6787094ED62E410266AF35333C59412ADCD05441D62E4103AA084D2F3C594151BA6EF897D62E41C9285FEB2A3C594130F716ADA4D62E412C3A07D42E3C59419C6787094ED62E410266AF35333C5941	9	2.7
55	20	5	20	2	0106000020E864000001000000010300000001000000050000009C6787094ED62E410266AF35333C59412ADCD05441D62E4103AA084D2F3C594151BA6EF897D62E41C9285FEB2A3C594130F716ADA4D62E412C3A07D42E3C59419C6787094ED62E410266AF35333C5941	12	2.7
56	22	1	22	2	0106000020E86400000100000001030000000100000005000000D815DE94DBD52E413D815D45753C5941404A161E02D62E41ADD8F5E0743C59411F5F7D4BFFD52E4102FB2298703C5941FC2A1FC5D8D52E41D67097FC703C5941D815DE94DBD52E413D815D45753C5941	0	2.7
57	22	2	22	2	0106000020E86400000100000001030000000100000005000000D815DE94DBD52E413D815D45753C5941404A161E02D62E41ADD8F5E0743C59411F5F7D4BFFD52E4102FB2298703C5941FC2A1FC5D8D52E41D67097FC703C5941D815DE94DBD52E413D815D45753C5941	3	2.7
58	22	3	22	2	0106000020E86400000100000001030000000100000005000000D815DE94DBD52E413D815D45753C5941404A161E02D62E41ADD8F5E0743C59411F5F7D4BFFD52E4102FB2298703C5941FC2A1FC5D8D52E41D67097FC703C5941D815DE94DBD52E413D815D45753C5941	6	2.7
59	22	4	22	2	0106000020E86400000100000001030000000100000005000000D815DE94DBD52E413D815D45753C5941404A161E02D62E41ADD8F5E0743C59411F5F7D4BFFD52E4102FB2298703C5941FC2A1FC5D8D52E41D67097FC703C5941D815DE94DBD52E413D815D45753C5941	9	2.7
60	22	5	22	2	0106000020E86400000100000001030000000100000005000000D815DE94DBD52E413D815D45753C5941404A161E02D62E41ADD8F5E0743C59411F5F7D4BFFD52E4102FB2298703C5941FC2A1FC5D8D52E41D67097FC703C5941D815DE94DBD52E413D815D45753C5941	12	2.7
61	22	6	22	2	0106000020E86400000100000001030000000100000005000000D815DE94DBD52E413D815D45753C5941404A161E02D62E41ADD8F5E0743C59411F5F7D4BFFD52E4102FB2298703C5941FC2A1FC5D8D52E41D67097FC703C5941D815DE94DBD52E413D815D45753C5941	15	2.7
62	27	1	27	2	0106000020E86400000100000001030000000100000005000000BC6944EE39D62E41D11A197C663C59410BC8811713D62E419AD9BF09673C594113D730BD17D62E4191B2E81B6C3C59414C7F21933ED62E419796F78E6B3C5941BC6944EE39D62E41D11A197C663C5941	0	2.7
63	27	2	27	2	0106000020E86400000100000001030000000100000005000000BC6944EE39D62E41D11A197C663C59410BC8811713D62E419AD9BF09673C594113D730BD17D62E4191B2E81B6C3C59414C7F21933ED62E419796F78E6B3C5941BC6944EE39D62E41D11A197C663C5941	3	2.7
64	27	3	27	2	0106000020E86400000100000001030000000100000005000000BC6944EE39D62E41D11A197C663C59410BC8811713D62E419AD9BF09673C594113D730BD17D62E4191B2E81B6C3C59414C7F21933ED62E419796F78E6B3C5941BC6944EE39D62E41D11A197C663C5941	6	2.7
65	27	4	27	2	0106000020E86400000100000001030000000100000005000000BC6944EE39D62E41D11A197C663C59410BC8811713D62E419AD9BF09673C594113D730BD17D62E4191B2E81B6C3C59414C7F21933ED62E419796F78E6B3C5941BC6944EE39D62E41D11A197C663C5941	9	2.7
66	27	5	27	2	0106000020E86400000100000001030000000100000005000000BC6944EE39D62E41D11A197C663C59410BC8811713D62E419AD9BF09673C594113D730BD17D62E4191B2E81B6C3C59414C7F21933ED62E419796F78E6B3C5941BC6944EE39D62E41D11A197C663C5941	12	2.7
67	27	6	27	2	0106000020E86400000100000001030000000100000005000000BC6944EE39D62E41D11A197C663C59410BC8811713D62E419AD9BF09673C594113D730BD17D62E4191B2E81B6C3C59414C7F21933ED62E419796F78E6B3C5941BC6944EE39D62E41D11A197C663C5941	15	2.7
68	28	1	28	2	0106000020E86400000100000001030000000100000005000000FEE331E8D1D52E41599BB80D4D3C5941FEF360FEE1D52E4137A840F1493C5941880E4D261CD62E4137660D1F4F3C5941CEE6C6780AD62E4152171921523C5941FEE331E8D1D52E41599BB80D4D3C5941	0	2.7
69	28	2	28	2	0106000020E86400000100000001030000000100000005000000FEE331E8D1D52E41599BB80D4D3C5941FEF360FEE1D52E4137A840F1493C5941880E4D261CD62E4137660D1F4F3C5941CEE6C6780AD62E4152171921523C5941FEE331E8D1D52E41599BB80D4D3C5941	3	2.7
70	28	3	28	2	0106000020E86400000100000001030000000100000005000000FEE331E8D1D52E41599BB80D4D3C5941FEF360FEE1D52E4137A840F1493C5941880E4D261CD62E4137660D1F4F3C5941CEE6C6780AD62E4152171921523C5941FEE331E8D1D52E41599BB80D4D3C5941	6	2.7
71	28	4	28	2	0106000020E86400000100000001030000000100000005000000FEE331E8D1D52E41599BB80D4D3C5941FEF360FEE1D52E4137A840F1493C5941880E4D261CD62E4137660D1F4F3C5941CEE6C6780AD62E4152171921523C5941FEE331E8D1D52E41599BB80D4D3C5941	9	2.7
72	28	5	28	2	0106000020E86400000100000001030000000100000005000000FEE331E8D1D52E41599BB80D4D3C5941FEF360FEE1D52E4137A840F1493C5941880E4D261CD62E4137660D1F4F3C5941CEE6C6780AD62E4152171921523C5941FEE331E8D1D52E41599BB80D4D3C5941	12	2.7
73	28	6	28	2	0106000020E86400000100000001030000000100000005000000FEE331E8D1D52E41599BB80D4D3C5941FEF360FEE1D52E4137A840F1493C5941880E4D261CD62E4137660D1F4F3C5941CEE6C6780AD62E4152171921523C5941FEE331E8D1D52E41599BB80D4D3C5941	15	2.7
74	29	1	29	2	0106000020E8640000010000000103000000010000000700000076262CA4B4D62E413DD4C3F8303C5941C7FB88BA77D62E4153B32BA83B3C5941A73A934F92D62E41D76B94043E3C59418F6A16029AD62E4186B651AB3C3C5941CA73606AABD62E41B2DA469D393C59419AB94639CFD62E4175462E55333C594176262CA4B4D62E413DD4C3F8303C5941	0	2.7
75	29	2	29	2	0106000020E8640000010000000103000000010000000700000076262CA4B4D62E413DD4C3F8303C5941C7FB88BA77D62E4153B32BA83B3C5941A73A934F92D62E41D76B94043E3C59418F6A16029AD62E4186B651AB3C3C5941CA73606AABD62E41B2DA469D393C59419AB94639CFD62E4175462E55333C594176262CA4B4D62E413DD4C3F8303C5941	3	2.7
76	29	3	29	2	0106000020E8640000010000000103000000010000000700000076262CA4B4D62E413DD4C3F8303C5941C7FB88BA77D62E4153B32BA83B3C5941A73A934F92D62E41D76B94043E3C59418F6A16029AD62E4186B651AB3C3C5941CA73606AABD62E41B2DA469D393C59419AB94639CFD62E4175462E55333C594176262CA4B4D62E413DD4C3F8303C5941	6	2.7
77	29	4	29	2	0106000020E8640000010000000103000000010000000700000076262CA4B4D62E413DD4C3F8303C5941C7FB88BA77D62E4153B32BA83B3C5941A73A934F92D62E41D76B94043E3C59418F6A16029AD62E4186B651AB3C3C5941CA73606AABD62E41B2DA469D393C59419AB94639CFD62E4175462E55333C594176262CA4B4D62E413DD4C3F8303C5941	9	2.7
78	29	5	29	2	0106000020E8640000010000000103000000010000000700000076262CA4B4D62E413DD4C3F8303C5941C7FB88BA77D62E4153B32BA83B3C5941A73A934F92D62E41D76B94043E3C59418F6A16029AD62E4186B651AB3C3C5941CA73606AABD62E41B2DA469D393C59419AB94639CFD62E4175462E55333C594176262CA4B4D62E413DD4C3F8303C5941	12	2.7
79	30	1	30	2	0106000020E8640000010000000103000000010000000500000048FB4342F4D52E41931A5267423C59414E1D4D2F05D62E410372E8833F3C5941781C705A50D62E410306273F463C594130FE8EA33FD62E41468F6119493C594148FB4342F4D52E41931A5267423C5941	0	2.7
80	30	2	30	2	0106000020E8640000010000000103000000010000000500000048FB4342F4D52E41931A5267423C59414E1D4D2F05D62E410372E8833F3C5941781C705A50D62E410306273F463C594130FE8EA33FD62E41468F6119493C594148FB4342F4D52E41931A5267423C5941	3	2.7
81	30	3	30	2	0106000020E8640000010000000103000000010000000500000048FB4342F4D52E41931A5267423C59414E1D4D2F05D62E410372E8833F3C5941781C705A50D62E410306273F463C594130FE8EA33FD62E41468F6119493C594148FB4342F4D52E41931A5267423C5941	6	2.7
82	30	4	30	2	0106000020E8640000010000000103000000010000000500000048FB4342F4D52E41931A5267423C59414E1D4D2F05D62E410372E8833F3C5941781C705A50D62E410306273F463C594130FE8EA33FD62E41468F6119493C594148FB4342F4D52E41931A5267423C5941	9	2.7
83	30	5	30	2	0106000020E8640000010000000103000000010000000500000048FB4342F4D52E41931A5267423C59414E1D4D2F05D62E410372E8833F3C5941781C705A50D62E410306273F463C594130FE8EA33FD62E41468F6119493C594148FB4342F4D52E41931A5267423C5941	12	2.7
84	31	1	31	2	0106000020E8640000010000000103000000010000000500000098137DE716D62E41E15EBE24363C5941A043604E0FD62E4199B1E2E7333C59410A16E98A2AD62E41DBE09277323C5941266C032432D62E41FACD6EB4343C594198137DE716D62E41E15EBE24363C5941	0	2.7
85	31	2	31	2	0106000020E8640000010000000103000000010000000500000098137DE716D62E41E15EBE24363C5941A043604E0FD62E4199B1E2E7333C59410A16E98A2AD62E41DBE09277323C5941266C032432D62E41FACD6EB4343C594198137DE716D62E41E15EBE24363C5941	3	2.7
86	32	1	32	2	0106000020E86400000100000001030000000100000005000000823B488D25D62E41B474B0923A3C594171FE23CE3DD62E41B09D06F4373C5941945BDA3D73D62E41C7F559CB3F3C59415005841D62D62E41F93FB00B433C5941823B488D25D62E41B474B0923A3C5941	0	2.7
87	32	2	32	2	0106000020E86400000100000001030000000100000005000000823B488D25D62E41B474B0923A3C594171FE23CE3DD62E41B09D06F4373C5941945BDA3D73D62E41C7F559CB3F3C59415005841D62D62E41F93FB00B433C5941823B488D25D62E41B474B0923A3C5941	3	2.7
88	32	3	32	2	0106000020E86400000100000001030000000100000005000000823B488D25D62E41B474B0923A3C594171FE23CE3DD62E41B09D06F4373C5941945BDA3D73D62E41C7F559CB3F3C59415005841D62D62E41F93FB00B433C5941823B488D25D62E41B474B0923A3C5941	6	2.7
89	32	4	32	2	0106000020E86400000100000001030000000100000005000000823B488D25D62E41B474B0923A3C594171FE23CE3DD62E41B09D06F4373C5941945BDA3D73D62E41C7F559CB3F3C59415005841D62D62E41F93FB00B433C5941823B488D25D62E41B474B0923A3C5941	9	2.7
90	35	1	35	2	0106000020E86400000100000001030000000100000007000000E22A4FAF73D62E4103C2FCE7113C59411AA71A1E83D62E4171FF2947153C5941A8A4B71694D62E416DD30112143C5941D7CFC0649FD62E411549538A163C59417B698E837DD62E4168D677F3183C5941B4C29AC962D62E416880061C133C5941E22A4FAF73D62E4103C2FCE7113C5941	0	2.7
91	35	2	35	2	0106000020E86400000100000001030000000100000007000000E22A4FAF73D62E4103C2FCE7113C59411AA71A1E83D62E4171FF2947153C5941A8A4B71694D62E416DD30112143C5941D7CFC0649FD62E411549538A163C59417B698E837DD62E4168D677F3183C5941B4C29AC962D62E416880061C133C5941E22A4FAF73D62E4103C2FCE7113C5941	3	2.7
92	47	1	47	2	0106000020E86400000100000001030000000200000005000000D2152B4E66D62E41F72543A74E3C5941BA77E2B599D62E41C8D04D52533C5941693F7A2801D72E41BEB574B7473C59415C20179BB6D62E41096620DF403C5941D2152B4E66D62E41F72543A74E3C5941050000009CE524A18FD62E41EA21990B4D3C5941039688C6B3D62E41FFE01EF8463C5941741762B2CED62E41328AAA7A493C594168DFBADF9ED62E41D625D28D4E3C59419CE524A18FD62E41EA21990B4D3C5941	0	2.7
93	47	2	47	2	0106000020E86400000100000001030000000200000005000000D2152B4E66D62E41F72543A74E3C5941BA77E2B599D62E41C8D04D52533C5941693F7A2801D72E41BEB574B7473C59415C20179BB6D62E41096620DF403C5941D2152B4E66D62E41F72543A74E3C5941050000009CE524A18FD62E41EA21990B4D3C5941039688C6B3D62E41FFE01EF8463C5941741762B2CED62E41328AAA7A493C594168DFBADF9ED62E41D625D28D4E3C59419CE524A18FD62E41EA21990B4D3C5941	3	2.7
94	47	3	47	2	0106000020E86400000100000001030000000200000005000000D2152B4E66D62E41F72543A74E3C5941BA77E2B599D62E41C8D04D52533C5941693F7A2801D72E41BEB574B7473C59415C20179BB6D62E41096620DF403C5941D2152B4E66D62E41F72543A74E3C5941050000009CE524A18FD62E41EA21990B4D3C5941039688C6B3D62E41FFE01EF8463C5941741762B2CED62E41328AAA7A493C594168DFBADF9ED62E41D625D28D4E3C59419CE524A18FD62E41EA21990B4D3C5941	6	2.7
95	47	4	47	2	0106000020E86400000100000001030000000200000005000000D2152B4E66D62E41F72543A74E3C5941BA77E2B599D62E41C8D04D52533C5941693F7A2801D72E41BEB574B7473C59415C20179BB6D62E41096620DF403C5941D2152B4E66D62E41F72543A74E3C5941050000009CE524A18FD62E41EA21990B4D3C5941039688C6B3D62E41FFE01EF8463C5941741762B2CED62E41328AAA7A493C594168DFBADF9ED62E41D625D28D4E3C59419CE524A18FD62E41EA21990B4D3C5941	9	2.7
96	47	5	47	2	0106000020E86400000100000001030000000200000005000000D2152B4E66D62E41F72543A74E3C5941BA77E2B599D62E41C8D04D52533C5941693F7A2801D72E41BEB574B7473C59415C20179BB6D62E41096620DF403C5941D2152B4E66D62E41F72543A74E3C5941050000009CE524A18FD62E41EA21990B4D3C5941039688C6B3D62E41FFE01EF8463C5941741762B2CED62E41328AAA7A493C594168DFBADF9ED62E41D625D28D4E3C59419CE524A18FD62E41EA21990B4D3C5941	12	2.7
97	47	6	47	2	0106000020E86400000100000001030000000200000005000000D2152B4E66D62E41F72543A74E3C5941BA77E2B599D62E41C8D04D52533C5941693F7A2801D72E41BEB574B7473C59415C20179BB6D62E41096620DF403C5941D2152B4E66D62E41F72543A74E3C5941050000009CE524A18FD62E41EA21990B4D3C5941039688C6B3D62E41FFE01EF8463C5941741762B2CED62E41328AAA7A493C594168DFBADF9ED62E41D625D28D4E3C59419CE524A18FD62E41EA21990B4D3C5941	15	2.7
98	47	7	47	2	0106000020E86400000100000001030000000200000005000000D2152B4E66D62E41F72543A74E3C5941BA77E2B599D62E41C8D04D52533C5941693F7A2801D72E41BEB574B7473C59415C20179BB6D62E41096620DF403C5941D2152B4E66D62E41F72543A74E3C5941050000009CE524A18FD62E41EA21990B4D3C5941039688C6B3D62E41FFE01EF8463C5941741762B2CED62E41328AAA7A493C594168DFBADF9ED62E41D625D28D4E3C59419CE524A18FD62E41EA21990B4D3C5941	18	2.7
99	12	1	12	2	0106000020E8640000010000000103000000010000000500000086A0FF37A3D72E4188097686533C5941C8B464DC9CD72E41C60813F4503C5941FA5C77FFBDD72E41B5F0F28C4F3C59415C4A1E21C4D72E4158BD7754523C594186A0FF37A3D72E4188097686533C5941	0	2.7
100	12	2	12	2	0106000020E8640000010000000103000000010000000500000086A0FF37A3D72E4188097686533C5941C8B464DC9CD72E41C60813F4503C5941FA5C77FFBDD72E41B5F0F28C4F3C59415C4A1E21C4D72E4158BD7754523C594186A0FF37A3D72E4188097686533C5941	3	2.7
101	12	3	12	2	0106000020E8640000010000000103000000010000000500000086A0FF37A3D72E4188097686533C5941C8B464DC9CD72E41C60813F4503C5941FA5C77FFBDD72E41B5F0F28C4F3C59415C4A1E21C4D72E4158BD7754523C594186A0FF37A3D72E4188097686533C5941	6	2.7
102	13	1	13	2	0106000020E864000001000000010300000001000000050000001C1DA2F809D82E417C2D82AF173C5941EE4F165A31D82E4184AEF8071F3C5941F2CAAC0919D82E41F681850F213C59416ECEFBA8F1D72E4147BF5AB6193C59411C1DA2F809D82E417C2D82AF173C5941	0	2.7
103	13	2	13	2	0106000020E864000001000000010300000001000000050000001C1DA2F809D82E417C2D82AF173C5941EE4F165A31D82E4184AEF8071F3C5941F2CAAC0919D82E41F681850F213C59416ECEFBA8F1D72E4147BF5AB6193C59411C1DA2F809D82E417C2D82AF173C5941	3	2.7
104	13	3	13	2	0106000020E864000001000000010300000001000000050000001C1DA2F809D82E417C2D82AF173C5941EE4F165A31D82E4184AEF8071F3C5941F2CAAC0919D82E41F681850F213C59416ECEFBA8F1D72E4147BF5AB6193C59411C1DA2F809D82E417C2D82AF173C5941	6	2.7
105	13	4	13	2	0106000020E864000001000000010300000001000000050000001C1DA2F809D82E417C2D82AF173C5941EE4F165A31D82E4184AEF8071F3C5941F2CAAC0919D82E41F681850F213C59416ECEFBA8F1D72E4147BF5AB6193C59411C1DA2F809D82E417C2D82AF173C5941	9	2.7
106	13	5	13	2	0106000020E864000001000000010300000001000000050000001C1DA2F809D82E417C2D82AF173C5941EE4F165A31D82E4184AEF8071F3C5941F2CAAC0919D82E41F681850F213C59416ECEFBA8F1D72E4147BF5AB6193C59411C1DA2F809D82E417C2D82AF173C5941	12	2.7
107	13	6	13	2	0106000020E864000001000000010300000001000000050000001C1DA2F809D82E417C2D82AF173C5941EE4F165A31D82E4184AEF8071F3C5941F2CAAC0919D82E41F681850F213C59416ECEFBA8F1D72E4147BF5AB6193C59411C1DA2F809D82E417C2D82AF173C5941	15	2.7
108	14	1	14	2	0106000020E86400000100000001030000000100000005000000947C947B72D72E4102A981FA353C5941C1C6ABFF1DD72E41DA59AEF92E3C59419A58B3902CD72E418BA9563C2C3C59415A01AA0C81D72E41ED452B3D333C5941947C947B72D72E4102A981FA353C5941	0	2.7
109	14	2	14	2	0106000020E86400000100000001030000000100000005000000947C947B72D72E4102A981FA353C5941C1C6ABFF1DD72E41DA59AEF92E3C59419A58B3902CD72E418BA9563C2C3C59415A01AA0C81D72E41ED452B3D333C5941947C947B72D72E4102A981FA353C5941	3	2.7
110	14	3	14	2	0106000020E86400000100000001030000000100000005000000947C947B72D72E4102A981FA353C5941C1C6ABFF1DD72E41DA59AEF92E3C59419A58B3902CD72E418BA9563C2C3C59415A01AA0C81D72E41ED452B3D333C5941947C947B72D72E4102A981FA353C5941	6	2.7
111	14	4	14	2	0106000020E86400000100000001030000000100000005000000947C947B72D72E4102A981FA353C5941C1C6ABFF1DD72E41DA59AEF92E3C59419A58B3902CD72E418BA9563C2C3C59415A01AA0C81D72E41ED452B3D333C5941947C947B72D72E4102A981FA353C5941	9	2.7
112	14	5	14	2	0106000020E86400000100000001030000000100000005000000947C947B72D72E4102A981FA353C5941C1C6ABFF1DD72E41DA59AEF92E3C59419A58B3902CD72E418BA9563C2C3C59415A01AA0C81D72E41ED452B3D333C5941947C947B72D72E4102A981FA353C5941	12	2.7
113	14	6	14	2	0106000020E86400000100000001030000000100000005000000947C947B72D72E4102A981FA353C5941C1C6ABFF1DD72E41DA59AEF92E3C59419A58B3902CD72E418BA9563C2C3C59415A01AA0C81D72E41ED452B3D333C5941947C947B72D72E4102A981FA353C5941	15	2.7
114	14	7	14	2	0106000020E86400000100000001030000000100000005000000947C947B72D72E4102A981FA353C5941C1C6ABFF1DD72E41DA59AEF92E3C59419A58B3902CD72E418BA9563C2C3C59415A01AA0C81D72E41ED452B3D333C5941947C947B72D72E4102A981FA353C5941	18	2.7
115	15	1	15	2	0106000020E86400000100000001030000000100000005000000565BC051C8D72E41CBB8800D1D3C59418823F45AF7D72E41C77523AA253C594153BC7CC9DBD72E41979A0602283C5941FA902AC3ACD72E417BF771651F3C5941565BC051C8D72E41CBB8800D1D3C5941	0	2.7
116	15	2	15	2	0106000020E86400000100000001030000000100000005000000565BC051C8D72E41CBB8800D1D3C59418823F45AF7D72E41C77523AA253C594153BC7CC9DBD72E41979A0602283C5941FA902AC3ACD72E417BF771651F3C5941565BC051C8D72E41CBB8800D1D3C5941	3	2.7
117	15	3	15	2	0106000020E86400000100000001030000000100000005000000565BC051C8D72E41CBB8800D1D3C59418823F45AF7D72E41C77523AA253C594153BC7CC9DBD72E41979A0602283C5941FA902AC3ACD72E417BF771651F3C5941565BC051C8D72E41CBB8800D1D3C5941	6	2.7
118	15	4	15	2	0106000020E86400000100000001030000000100000005000000565BC051C8D72E41CBB8800D1D3C59418823F45AF7D72E41C77523AA253C594153BC7CC9DBD72E41979A0602283C5941FA902AC3ACD72E417BF771651F3C5941565BC051C8D72E41CBB8800D1D3C5941	9	2.7
119	15	5	15	2	0106000020E86400000100000001030000000100000005000000565BC051C8D72E41CBB8800D1D3C59418823F45AF7D72E41C77523AA253C594153BC7CC9DBD72E41979A0602283C5941FA902AC3ACD72E417BF771651F3C5941565BC051C8D72E41CBB8800D1D3C5941	12	2.7
120	15	6	15	2	0106000020E86400000100000001030000000100000005000000565BC051C8D72E41CBB8800D1D3C59418823F45AF7D72E41C77523AA253C594153BC7CC9DBD72E41979A0602283C5941FA902AC3ACD72E417BF771651F3C5941565BC051C8D72E41CBB8800D1D3C5941	15	2.7
121	16	1	16	2	0106000020E8640000010000000103000000010000000500000094178CA13BD72E41A3A75A313D3C5941422F5598F2D62E41D52AC20C373C59414E6BEE6900D72E410473387D343C5941885D4F7549D72E4109FA93A23A3C594194178CA13BD72E41A3A75A313D3C5941	0	2.7
122	16	2	16	2	0106000020E8640000010000000103000000010000000500000094178CA13BD72E41A3A75A313D3C5941422F5598F2D62E41D52AC20C373C59414E6BEE6900D72E410473387D343C5941885D4F7549D72E4109FA93A23A3C594194178CA13BD72E41A3A75A313D3C5941	3	2.7
123	16	3	16	2	0106000020E8640000010000000103000000010000000500000094178CA13BD72E41A3A75A313D3C5941422F5598F2D62E41D52AC20C373C59414E6BEE6900D72E410473387D343C5941885D4F7549D72E4109FA93A23A3C594194178CA13BD72E41A3A75A313D3C5941	6	2.7
124	16	4	16	2	0106000020E8640000010000000103000000010000000500000094178CA13BD72E41A3A75A313D3C5941422F5598F2D62E41D52AC20C373C59414E6BEE6900D72E410473387D343C5941885D4F7549D72E4109FA93A23A3C594194178CA13BD72E41A3A75A313D3C5941	9	2.7
125	16	5	16	2	0106000020E8640000010000000103000000010000000500000094178CA13BD72E41A3A75A313D3C5941422F5598F2D62E41D52AC20C373C59414E6BEE6900D72E410473387D343C5941885D4F7549D72E4109FA93A23A3C594194178CA13BD72E41A3A75A313D3C5941	12	2.7
126	16	6	16	2	0106000020E8640000010000000103000000010000000500000094178CA13BD72E41A3A75A313D3C5941422F5598F2D62E41D52AC20C373C59414E6BEE6900D72E410473387D343C5941885D4F7549D72E4109FA93A23A3C594194178CA13BD72E41A3A75A313D3C5941	15	2.7
127	16	7	16	2	0106000020E8640000010000000103000000010000000500000094178CA13BD72E41A3A75A313D3C5941422F5598F2D62E41D52AC20C373C59414E6BEE6900D72E410473387D343C5941885D4F7549D72E4109FA93A23A3C594194178CA13BD72E41A3A75A313D3C5941	18	2.7
128	18	1	18	2	0106000020E8640000010000000103000000010000000500000082191E1BC9D62E41B26648783F3C594112E418E9D9D62E41F14884963C3C5941D9B6052118D72E4190A53D2B423C5941639A596006D72E41602E9123453C594182191E1BC9D62E41B26648783F3C5941	0	2.7
129	18	2	18	2	0106000020E8640000010000000103000000010000000500000082191E1BC9D62E41B26648783F3C594112E418E9D9D62E41F14884963C3C5941D9B6052118D72E4190A53D2B423C5941639A596006D72E41602E9123453C594182191E1BC9D62E41B26648783F3C5941	3	2.7
130	18	3	18	2	0106000020E8640000010000000103000000010000000500000082191E1BC9D62E41B26648783F3C594112E418E9D9D62E41F14884963C3C5941D9B6052118D72E4190A53D2B423C5941639A596006D72E41602E9123453C594182191E1BC9D62E41B26648783F3C5941	6	2.7
131	18	4	18	2	0106000020E8640000010000000103000000010000000500000082191E1BC9D62E41B26648783F3C594112E418E9D9D62E41F14884963C3C5941D9B6052118D72E4190A53D2B423C5941639A596006D72E41602E9123453C594182191E1BC9D62E41B26648783F3C5941	9	2.7
132	18	5	18	2	0106000020E8640000010000000103000000010000000500000082191E1BC9D62E41B26648783F3C594112E418E9D9D62E41F14884963C3C5941D9B6052118D72E4190A53D2B423C5941639A596006D72E41602E9123453C594182191E1BC9D62E41B26648783F3C5941	12	2.7
133	18	6	18	2	0106000020E8640000010000000103000000010000000500000082191E1BC9D62E41B26648783F3C594112E418E9D9D62E41F14884963C3C5941D9B6052118D72E4190A53D2B423C5941639A596006D72E41602E9123453C594182191E1BC9D62E41B26648783F3C5941	15	2.7
134	18	7	18	2	0106000020E8640000010000000103000000010000000500000082191E1BC9D62E41B26648783F3C594112E418E9D9D62E41F14884963C3C5941D9B6052118D72E4190A53D2B423C5941639A596006D72E41602E9123453C594182191E1BC9D62E41B26648783F3C5941	18	2.7
135	21	1	21	2	0106000020E8640000010000000103000000010000000C00000089A70F39D7D62E41993A0B62633C5941B77E2F12EED62E41B481AD7B653C5941AAE600DDEAD62E41442F6207663C59415B4FCEF4DDD62E411A542735683C5941113B90F6E4D62E4119F5A4DA683C594180EFB958DDD62E41555AA8236A3C59414680BC5FDAD62E41958C66A36A3C59413AFD997BB5D62E41ECCD2A38673C5941FC291EBFC6D62E41EF923051643C59418057EDCFCDD62E41ADC319F9643C5941258A57D1D3D62E4199F944F6633C594189A70F39D7D62E41993A0B62633C5941	0	2.7
136	21	2	21	2	0106000020E8640000010000000103000000010000000C00000089A70F39D7D62E41993A0B62633C5941B77E2F12EED62E41B481AD7B653C5941AAE600DDEAD62E41442F6207663C59415B4FCEF4DDD62E411A542735683C5941113B90F6E4D62E4119F5A4DA683C594180EFB958DDD62E41555AA8236A3C59414680BC5FDAD62E41958C66A36A3C59413AFD997BB5D62E41ECCD2A38673C5941FC291EBFC6D62E41EF923051643C59418057EDCFCDD62E41ADC319F9643C5941258A57D1D3D62E4199F944F6633C594189A70F39D7D62E41993A0B62633C5941	3	2.7
137	21	3	21	2	0106000020E8640000010000000103000000010000000C00000089A70F39D7D62E41993A0B62633C5941B77E2F12EED62E41B481AD7B653C5941AAE600DDEAD62E41442F6207663C59415B4FCEF4DDD62E411A542735683C5941113B90F6E4D62E4119F5A4DA683C594180EFB958DDD62E41555AA8236A3C59414680BC5FDAD62E41958C66A36A3C59413AFD997BB5D62E41ECCD2A38673C5941FC291EBFC6D62E41EF923051643C59418057EDCFCDD62E41ADC319F9643C5941258A57D1D3D62E4199F944F6633C594189A70F39D7D62E41993A0B62633C5941	6	2.7
138	21	4	21	2	0106000020E8640000010000000103000000010000000C00000089A70F39D7D62E41993A0B62633C5941B77E2F12EED62E41B481AD7B653C5941AAE600DDEAD62E41442F6207663C59415B4FCEF4DDD62E411A542735683C5941113B90F6E4D62E4119F5A4DA683C594180EFB958DDD62E41555AA8236A3C59414680BC5FDAD62E41958C66A36A3C59413AFD997BB5D62E41ECCD2A38673C5941FC291EBFC6D62E41EF923051643C59418057EDCFCDD62E41ADC319F9643C5941258A57D1D3D62E4199F944F6633C594189A70F39D7D62E41993A0B62633C5941	9	2.7
139	21	5	21	2	0106000020E8640000010000000103000000010000000C00000089A70F39D7D62E41993A0B62633C5941B77E2F12EED62E41B481AD7B653C5941AAE600DDEAD62E41442F6207663C59415B4FCEF4DDD62E411A542735683C5941113B90F6E4D62E4119F5A4DA683C594180EFB958DDD62E41555AA8236A3C59414680BC5FDAD62E41958C66A36A3C59413AFD997BB5D62E41ECCD2A38673C5941FC291EBFC6D62E41EF923051643C59418057EDCFCDD62E41ADC319F9643C5941258A57D1D3D62E4199F944F6633C594189A70F39D7D62E41993A0B62633C5941	12	2.7
140	23	1	23	2	0106000020E8640000010000000103000000010000000B00000006EC55A102D72E41A17580846E3C59417AE301002BD72E41BBD5924D723C5941DAEA539937D72E418408D534703C5941801E643C30D72E41B88D67846F3C59411E86BB0440D72E41BB3BA0E56C3C5941208975D824D72E41B467DF596A3C59418DAE81F420D72E419CE2BDFE6A3C5941EC64091118D72E41725FC4796C3C5941E232E03712D72E410E0588ED6B3C5941D111825E06D72E41044777E56D3C594106EC55A102D72E41A17580846E3C5941	0	2.7
141	23	2	23	2	0106000020E8640000010000000103000000010000000B00000006EC55A102D72E41A17580846E3C59417AE301002BD72E41BBD5924D723C5941DAEA539937D72E418408D534703C5941801E643C30D72E41B88D67846F3C59411E86BB0440D72E41BB3BA0E56C3C5941208975D824D72E41B467DF596A3C59418DAE81F420D72E419CE2BDFE6A3C5941EC64091118D72E41725FC4796C3C5941E232E03712D72E410E0588ED6B3C5941D111825E06D72E41044777E56D3C594106EC55A102D72E41A17580846E3C5941	3	2.7
142	23	3	23	2	0106000020E8640000010000000103000000010000000B00000006EC55A102D72E41A17580846E3C59417AE301002BD72E41BBD5924D723C5941DAEA539937D72E418408D534703C5941801E643C30D72E41B88D67846F3C59411E86BB0440D72E41BB3BA0E56C3C5941208975D824D72E41B467DF596A3C59418DAE81F420D72E419CE2BDFE6A3C5941EC64091118D72E41725FC4796C3C5941E232E03712D72E410E0588ED6B3C5941D111825E06D72E41044777E56D3C594106EC55A102D72E41A17580846E3C5941	6	2.7
143	23	4	23	2	0106000020E8640000010000000103000000010000000B00000006EC55A102D72E41A17580846E3C59417AE301002BD72E41BBD5924D723C5941DAEA539937D72E418408D534703C5941801E643C30D72E41B88D67846F3C59411E86BB0440D72E41BB3BA0E56C3C5941208975D824D72E41B467DF596A3C59418DAE81F420D72E419CE2BDFE6A3C5941EC64091118D72E41725FC4796C3C5941E232E03712D72E410E0588ED6B3C5941D111825E06D72E41044777E56D3C594106EC55A102D72E41A17580846E3C5941	9	2.7
144	23	5	23	2	0106000020E8640000010000000103000000010000000B00000006EC55A102D72E41A17580846E3C59417AE301002BD72E41BBD5924D723C5941DAEA539937D72E418408D534703C5941801E643C30D72E41B88D67846F3C59411E86BB0440D72E41BB3BA0E56C3C5941208975D824D72E41B467DF596A3C59418DAE81F420D72E419CE2BDFE6A3C5941EC64091118D72E41725FC4796C3C5941E232E03712D72E410E0588ED6B3C5941D111825E06D72E41044777E56D3C594106EC55A102D72E41A17580846E3C5941	12	2.7
145	34	1	34	2	0106000020E864000001000000010300000001000000080000000C49BA81ADD62E415D4920BE543C5941CFBCDE99C5D62E413C697E2C523C59417834A286D0D62E41D7D1603A533C5941429CF670E6D62E41C2B7A48C513C5941BB0AC495F6D62E41BEEDC1C0543C5941E92BE715E5D62E4172A50E21563C5941E0CA7DE4D7D62E41D960119A583C59410C49BA81ADD62E415D4920BE543C5941	0	2.7
146	34	2	34	2	0106000020E864000001000000010300000001000000080000000C49BA81ADD62E415D4920BE543C5941CFBCDE99C5D62E413C697E2C523C59417834A286D0D62E41D7D1603A533C5941429CF670E6D62E41C2B7A48C513C5941BB0AC495F6D62E41BEEDC1C0543C5941E92BE715E5D62E4172A50E21563C5941E0CA7DE4D7D62E41D960119A583C59410C49BA81ADD62E415D4920BE543C5941	3	2.7
147	34	3	34	2	0106000020E864000001000000010300000001000000080000000C49BA81ADD62E415D4920BE543C5941CFBCDE99C5D62E413C697E2C523C59417834A286D0D62E41D7D1603A533C5941429CF670E6D62E41C2B7A48C513C5941BB0AC495F6D62E41BEEDC1C0543C5941E92BE715E5D62E4172A50E21563C5941E0CA7DE4D7D62E41D960119A583C59410C49BA81ADD62E415D4920BE543C5941	6	2.7
148	34	4	34	2	0106000020E864000001000000010300000001000000080000000C49BA81ADD62E415D4920BE543C5941CFBCDE99C5D62E413C697E2C523C59417834A286D0D62E41D7D1603A533C5941429CF670E6D62E41C2B7A48C513C5941BB0AC495F6D62E41BEEDC1C0543C5941E92BE715E5D62E4172A50E21563C5941E0CA7DE4D7D62E41D960119A583C59410C49BA81ADD62E415D4920BE543C5941	9	2.7
149	36	1	36	2	0106000020E86400000100000001030000000100000005000000429CF670E6D62E41C2B7A48C513C5941B1A5FEBF0DD72E41206A778F4E3C5941F5FD3EAA20D72E41E7036C70513C5941BB0AC495F6D62E41BEEDC1C0543C5941429CF670E6D62E41C2B7A48C513C5941	0	2.7
150	36	2	36	2	0106000020E86400000100000001030000000100000005000000429CF670E6D62E41C2B7A48C513C5941B1A5FEBF0DD72E41206A778F4E3C5941F5FD3EAA20D72E41E7036C70513C5941BB0AC495F6D62E41BEEDC1C0543C5941429CF670E6D62E41C2B7A48C513C5941	3	2.7
151	36	3	36	2	0106000020E86400000100000001030000000100000005000000429CF670E6D62E41C2B7A48C513C5941B1A5FEBF0DD72E41206A778F4E3C5941F5FD3EAA20D72E41E7036C70513C5941BB0AC495F6D62E41BEEDC1C0543C5941429CF670E6D62E41C2B7A48C513C5941	6	2.7
152	37	1	37	2	0106000020E8640000010000000103000000010000000500000088ED1F6A46D72E412D552A434D3C5941F5FD3EAA20D72E41E7036C70513C5941B1A5FEBF0DD72E41206A778F4E3C59419EDD637133D72E415BA0C86C4A3C594188ED1F6A46D72E412D552A434D3C5941	0	2.7
153	37	2	37	2	0106000020E8640000010000000103000000010000000500000088ED1F6A46D72E412D552A434D3C5941F5FD3EAA20D72E41E7036C70513C5941B1A5FEBF0DD72E41206A778F4E3C59419EDD637133D72E415BA0C86C4A3C594188ED1F6A46D72E412D552A434D3C5941	3	2.7
154	37	3	37	2	0106000020E8640000010000000103000000010000000500000088ED1F6A46D72E412D552A434D3C5941F5FD3EAA20D72E41E7036C70513C5941B1A5FEBF0DD72E41206A778F4E3C59419EDD637133D72E415BA0C86C4A3C594188ED1F6A46D72E412D552A434D3C5941	6	2.7
155	37	4	37	2	0106000020E8640000010000000103000000010000000500000088ED1F6A46D72E412D552A434D3C5941F5FD3EAA20D72E41E7036C70513C5941B1A5FEBF0DD72E41206A778F4E3C59419EDD637133D72E415BA0C86C4A3C594188ED1F6A46D72E412D552A434D3C5941	9	2.7
156	37	5	37	2	0106000020E8640000010000000103000000010000000500000088ED1F6A46D72E412D552A434D3C5941F5FD3EAA20D72E41E7036C70513C5941B1A5FEBF0DD72E41206A778F4E3C59419EDD637133D72E415BA0C86C4A3C594188ED1F6A46D72E412D552A434D3C5941	12	2.7
157	38	1	38	2	0106000020E8640000010000000103000000010000000B000000B50C269E36D72E41C1D7B641463C5941FAC0D3E145D72E41D9567C70443C5941B2B8E13144D72E416CF79D36443C5941141655DA5ED72E417FF13024413C5941B5761EF571D72E415A6AC2C5433C59416C1F6C3B62D72E419A46AB76453C594158E564FE76D72E4126DB3059483C5941060984AA69D72E418E1F32B8493C5941B2E3DDED67D72E411613F56E493C594112E06E3A57D72E41EB63381F4B3C5941B50C269E36D72E41C1D7B641463C5941	0	2.7
158	38	2	38	2	0106000020E8640000010000000103000000010000000B000000B50C269E36D72E41C1D7B641463C5941FAC0D3E145D72E41D9567C70443C5941B2B8E13144D72E416CF79D36443C5941141655DA5ED72E417FF13024413C5941B5761EF571D72E415A6AC2C5433C59416C1F6C3B62D72E419A46AB76453C594158E564FE76D72E4126DB3059483C5941060984AA69D72E418E1F32B8493C5941B2E3DDED67D72E411613F56E493C594112E06E3A57D72E41EB63381F4B3C5941B50C269E36D72E41C1D7B641463C5941	3	2.7
159	38	3	38	2	0106000020E8640000010000000103000000010000000B000000B50C269E36D72E41C1D7B641463C5941FAC0D3E145D72E41D9567C70443C5941B2B8E13144D72E416CF79D36443C5941141655DA5ED72E417FF13024413C5941B5761EF571D72E415A6AC2C5433C59416C1F6C3B62D72E419A46AB76453C594158E564FE76D72E4126DB3059483C5941060984AA69D72E418E1F32B8493C5941B2E3DDED67D72E411613F56E493C594112E06E3A57D72E41EB63381F4B3C5941B50C269E36D72E41C1D7B641463C5941	6	2.7
160	38	4	38	2	0106000020E8640000010000000103000000010000000B000000B50C269E36D72E41C1D7B641463C5941FAC0D3E145D72E41D9567C70443C5941B2B8E13144D72E416CF79D36443C5941141655DA5ED72E417FF13024413C5941B5761EF571D72E415A6AC2C5433C59416C1F6C3B62D72E419A46AB76453C594158E564FE76D72E4126DB3059483C5941060984AA69D72E418E1F32B8493C5941B2E3DDED67D72E411613F56E493C594112E06E3A57D72E41EB63381F4B3C5941B50C269E36D72E41C1D7B641463C5941	9	2.7
161	38	5	38	2	0106000020E8640000010000000103000000010000000B000000B50C269E36D72E41C1D7B641463C5941FAC0D3E145D72E41D9567C70443C5941B2B8E13144D72E416CF79D36443C5941141655DA5ED72E417FF13024413C5941B5761EF571D72E415A6AC2C5433C59416C1F6C3B62D72E419A46AB76453C594158E564FE76D72E4126DB3059483C5941060984AA69D72E418E1F32B8493C5941B2E3DDED67D72E411613F56E493C594112E06E3A57D72E41EB63381F4B3C5941B50C269E36D72E41C1D7B641463C5941	12	2.7
162	39	1	39	2	0106000020E8640000010000000103000000010000000500000000D1998773D72E41C61BCF573F3C594198AFE5EC82D72E413290D3823D3C5941B58D77C39DD72E41C9818340413C594196CDF1CB8DD72E41D2FB172A433C594100D1998773D72E41C61BCF573F3C5941	0	2.7
163	39	2	39	2	0106000020E8640000010000000103000000010000000500000000D1998773D72E41C61BCF573F3C594198AFE5EC82D72E413290D3823D3C5941B58D77C39DD72E41C9818340413C594196CDF1CB8DD72E41D2FB172A433C594100D1998773D72E41C61BCF573F3C5941	3	2.7
164	39	3	39	2	0106000020E8640000010000000103000000010000000500000000D1998773D72E41C61BCF573F3C594198AFE5EC82D72E413290D3823D3C5941B58D77C39DD72E41C9818340413C594196CDF1CB8DD72E41D2FB172A433C594100D1998773D72E41C61BCF573F3C5941	6	2.7
165	39	4	39	2	0106000020E8640000010000000103000000010000000500000000D1998773D72E41C61BCF573F3C594198AFE5EC82D72E413290D3823D3C5941B58D77C39DD72E41C9818340413C594196CDF1CB8DD72E41D2FB172A433C594100D1998773D72E41C61BCF573F3C5941	9	2.7
166	42	1	42	2	0106000020E8640000010000000103000000010000000500000070D8CEF394D72E41283891603B3C59413B750B13A6D72E41ABEC8A68393C5941D79A060DC2D72E41CD7ABE363D3C5941D0B57B85AFD72E41DBE3B73F3F3C594170D8CEF394D72E41283891603B3C5941	0	2.7
167	42	2	42	2	0106000020E8640000010000000103000000010000000500000070D8CEF394D72E41283891603B3C59413B750B13A6D72E41ABEC8A68393C5941D79A060DC2D72E41CD7ABE363D3C5941D0B57B85AFD72E41DBE3B73F3F3C594170D8CEF394D72E41283891603B3C5941	3	2.7
168	42	3	42	2	0106000020E8640000010000000103000000010000000500000070D8CEF394D72E41283891603B3C59413B750B13A6D72E41ABEC8A68393C5941D79A060DC2D72E41CD7ABE363D3C5941D0B57B85AFD72E41DBE3B73F3F3C594170D8CEF394D72E41283891603B3C5941	6	2.7
169	42	4	42	2	0106000020E8640000010000000103000000010000000500000070D8CEF394D72E41283891603B3C59413B750B13A6D72E41ABEC8A68393C5941D79A060DC2D72E41CD7ABE363D3C5941D0B57B85AFD72E41DBE3B73F3F3C594170D8CEF394D72E41283891603B3C5941	9	2.7
170	44	1	44	2	0106000020E864000001000000010300000001000000050000009EFD87B7B8D72E416E740F60373C594188CBF243CAD72E4194627175353C594120BBA688E5D72E415BB6F33C393C594186F29EAAD3D72E411FD1A8393B3C59419EFD87B7B8D72E416E740F60373C5941	0	2.7
171	44	2	44	2	0106000020E864000001000000010300000001000000050000009EFD87B7B8D72E416E740F60373C594188CBF243CAD72E4194627175353C594120BBA688E5D72E415BB6F33C393C594186F29EAAD3D72E411FD1A8393B3C59419EFD87B7B8D72E416E740F60373C5941	3	2.7
172	44	3	44	2	0106000020E864000001000000010300000001000000050000009EFD87B7B8D72E416E740F60373C594188CBF243CAD72E4194627175353C594120BBA688E5D72E415BB6F33C393C594186F29EAAD3D72E411FD1A8393B3C59419EFD87B7B8D72E416E740F60373C5941	6	2.7
173	44	4	44	2	0106000020E864000001000000010300000001000000050000009EFD87B7B8D72E416E740F60373C594188CBF243CAD72E4194627175353C594120BBA688E5D72E415BB6F33C393C594186F29EAAD3D72E411FD1A8393B3C59419EFD87B7B8D72E416E740F60373C5941	9	2.7
174	46	1	46	2	0106000020E8640000010000000103000000010000000900000090132A6507D82E414A3C2565303C5941C85FB8D713D82E415BAB6BFF2E3C5941F2F500EC16D82E41992BA5772F3C59417CD573A71BD82E410B75B7E22E3C5941267DA31C2AD82E41E825B1F9303C5941B259718B1CD82E4121B61073323C594180C8B4F718D82E417A6AE8E5313C5941F60C291915D82E416CABB24F323C594190132A6507D82E414A3C2565303C5941	0	2.7
175	46	2	46	2	0106000020E8640000010000000103000000010000000900000090132A6507D82E414A3C2565303C5941C85FB8D713D82E415BAB6BFF2E3C5941F2F500EC16D82E41992BA5772F3C59417CD573A71BD82E410B75B7E22E3C5941267DA31C2AD82E41E825B1F9303C5941B259718B1CD82E4121B61073323C594180C8B4F718D82E417A6AE8E5313C5941F60C291915D82E416CABB24F323C594190132A6507D82E414A3C2565303C5941	3	2.7
176	46	3	46	2	0106000020E8640000010000000103000000010000000900000090132A6507D82E414A3C2565303C5941C85FB8D713D82E415BAB6BFF2E3C5941F2F500EC16D82E41992BA5772F3C59417CD573A71BD82E410B75B7E22E3C5941267DA31C2AD82E41E825B1F9303C5941B259718B1CD82E4121B61073323C594180C8B4F718D82E417A6AE8E5313C5941F60C291915D82E416CABB24F323C594190132A6507D82E414A3C2565303C5941	6	2.7
177	17	1	17	2	0106000020E864000001000000010300000001000000050000001643B044A5D72E41D4ACCEC12E3C5941737E24CD6CD72E4155D2913F243C59412C7E8B4585D72E41A98DA233223C5941AD4B69B9BDD72E41DFB989B62C3C59411643B044A5D72E41D4ACCEC12E3C5941	0	2.7
178	17	2	17	2	0106000020E864000001000000010300000001000000050000001643B044A5D72E41D4ACCEC12E3C5941737E24CD6CD72E4155D2913F243C59412C7E8B4585D72E41A98DA233223C5941AD4B69B9BDD72E41DFB989B62C3C59411643B044A5D72E41D4ACCEC12E3C5941	3	2.7
179	17	3	17	2	0106000020E864000001000000010300000001000000050000001643B044A5D72E41D4ACCEC12E3C5941737E24CD6CD72E4155D2913F243C59412C7E8B4585D72E41A98DA233223C5941AD4B69B9BDD72E41DFB989B62C3C59411643B044A5D72E41D4ACCEC12E3C5941	6	2.7
180	17	4	17	2	0106000020E864000001000000010300000001000000050000001643B044A5D72E41D4ACCEC12E3C5941737E24CD6CD72E4155D2913F243C59412C7E8B4585D72E41A98DA233223C5941AD4B69B9BDD72E41DFB989B62C3C59411643B044A5D72E41D4ACCEC12E3C5941	9	2.7
181	17	5	17	2	0106000020E864000001000000010300000001000000050000001643B044A5D72E41D4ACCEC12E3C5941737E24CD6CD72E4155D2913F243C59412C7E8B4585D72E41A98DA233223C5941AD4B69B9BDD72E41DFB989B62C3C59411643B044A5D72E41D4ACCEC12E3C5941	12	2.7
182	17	6	17	2	0106000020E864000001000000010300000001000000050000001643B044A5D72E41D4ACCEC12E3C5941737E24CD6CD72E4155D2913F243C59412C7E8B4585D72E41A98DA233223C5941AD4B69B9BDD72E41DFB989B62C3C59411643B044A5D72E41D4ACCEC12E3C5941	15	2.7
183	43	1	43	2	0106000020E86400000100000001030000000100000005000000FCBE6CEDEDD72E4119EEE6EC3E3C59412740BA4501D82E41B3A611CC3C3C5941802FFFA51ED82E41CE3BDDF9403C59410651C9650BD82E416D395222433C5941FCBE6CEDEDD72E4119EEE6EC3E3C5941	0	2.7
184	43	2	43	2	0106000020E86400000100000001030000000100000005000000FCBE6CEDEDD72E4119EEE6EC3E3C59412740BA4501D82E41B3A611CC3C3C5941802FFFA51ED82E41CE3BDDF9403C59410651C9650BD82E416D395222433C5941FCBE6CEDEDD72E4119EEE6EC3E3C5941	3	2.7
185	43	3	43	2	0106000020E86400000100000001030000000100000005000000FCBE6CEDEDD72E4119EEE6EC3E3C59412740BA4501D82E41B3A611CC3C3C5941802FFFA51ED82E41CE3BDDF9403C59410651C9650BD82E416D395222433C5941FCBE6CEDEDD72E4119EEE6EC3E3C5941	6	2.7
186	45	1	45	2	0106000020E86400000100000001030000000100000009000000BEDDE817BED72E41CE968BEE493C59416A4BF227BCD72E41EBC45A384A3C594192BA4A13AFD72E4108ED1A6E483C59414AD7D78AB1D72E41830C8E21483C59412E7B18BDABD72E41CA957457473C594169B9A176BCD72E4106CC1E79453C5941C1919DBDD4D72E415CA8DBF9483C5941361E30C9C4D72E419DF6C6D54A3C5941BEDDE817BED72E41CE968BEE493C5941	0	2.7
187	45	2	45	2	0106000020E86400000100000001030000000100000009000000BEDDE817BED72E41CE968BEE493C59416A4BF227BCD72E41EBC45A384A3C594192BA4A13AFD72E4108ED1A6E483C59414AD7D78AB1D72E41830C8E21483C59412E7B18BDABD72E41CA957457473C594169B9A176BCD72E4106CC1E79453C5941C1919DBDD4D72E415CA8DBF9483C5941361E30C9C4D72E419DF6C6D54A3C5941BEDDE817BED72E41CE968BEE493C5941	3	2.7
188	45	3	45	2	0106000020E86400000100000001030000000100000009000000BEDDE817BED72E41CE968BEE493C59416A4BF227BCD72E41EBC45A384A3C594192BA4A13AFD72E4108ED1A6E483C59414AD7D78AB1D72E41830C8E21483C59412E7B18BDABD72E41CA957457473C594169B9A176BCD72E4106CC1E79453C5941C1919DBDD4D72E415CA8DBF9483C5941361E30C9C4D72E419DF6C6D54A3C5941BEDDE817BED72E41CE968BEE493C5941	6	2.7
189	25	11	25	3	0106000020E86400000100000001030000000100000005000000FB03DFE24AD62E4129572D8C5C3C59418B262C6368D62E41B2FBA08C573C59415E5F8ECD5DD62E41D4594896563C59413FE5C42A3CD62E41D633A30F593C5941FB03DFE24AD62E4129572D8C5C3C5941	0	2.7
190	25	12	25	3	0106000020E86400000100000001030000000100000005000000FB03DFE24AD62E4129572D8C5C3C59418B262C6368D62E41B2FBA08C573C59415E5F8ECD5DD62E41D4594896563C59413FE5C42A3CD62E41D633A30F593C5941FB03DFE24AD62E4129572D8C5C3C5941	3	2.7
191	25	1	25	3	0106000020E86400000100000001030000000100000006000000E8C7344A6AD62E41EF76DB5C5F3C5941A7C8872F7AD62E414E7952D15C3C59410176BAA988D62E4166D3D27B5A3C59418B262C6368D62E41B2FBA08C573C5941FB03DFE24AD62E4129572D8C5C3C5941E8C7344A6AD62E41EF76DB5C5F3C5941	0	2.7
192	25	2	25	3	0106000020E86400000100000001030000000100000006000000E8C7344A6AD62E41EF76DB5C5F3C5941A7C8872F7AD62E414E7952D15C3C59410176BAA988D62E4166D3D27B5A3C59418B262C6368D62E41B2FBA08C573C5941FB03DFE24AD62E4129572D8C5C3C5941E8C7344A6AD62E41EF76DB5C5F3C5941	3	2.7
193	25	3	25	3	0106000020E86400000100000001030000000100000006000000E8C7344A6AD62E41EF76DB5C5F3C5941A7C8872F7AD62E414E7952D15C3C59410176BAA988D62E4166D3D27B5A3C59418B262C6368D62E41B2FBA08C573C5941FB03DFE24AD62E4129572D8C5C3C5941E8C7344A6AD62E41EF76DB5C5F3C5941	6	2.7
194	25	4	25	3	0106000020E86400000100000001030000000100000006000000E8C7344A6AD62E41EF76DB5C5F3C5941A7C8872F7AD62E414E7952D15C3C59410176BAA988D62E4166D3D27B5A3C59418B262C6368D62E41B2FBA08C573C5941FB03DFE24AD62E4129572D8C5C3C5941E8C7344A6AD62E41EF76DB5C5F3C5941	9	2.7
195	25	5	25	3	0106000020E86400000100000001030000000100000006000000E8C7344A6AD62E41EF76DB5C5F3C5941A7C8872F7AD62E414E7952D15C3C59410176BAA988D62E4166D3D27B5A3C59418B262C6368D62E41B2FBA08C573C5941FB03DFE24AD62E4129572D8C5C3C5941E8C7344A6AD62E41EF76DB5C5F3C5941	12	2.7
196	25	6	25	3	0106000020E86400000100000001030000000100000006000000E8C7344A6AD62E41EF76DB5C5F3C5941A7C8872F7AD62E414E7952D15C3C59410176BAA988D62E4166D3D27B5A3C59418B262C6368D62E41B2FBA08C573C5941FB03DFE24AD62E4129572D8C5C3C5941E8C7344A6AD62E41EF76DB5C5F3C5941	15	2.7
197	25	7	25	3	0106000020E86400000100000001030000000100000006000000E8C7344A6AD62E41EF76DB5C5F3C5941A7C8872F7AD62E414E7952D15C3C59410176BAA988D62E4166D3D27B5A3C59418B262C6368D62E41B2FBA08C573C5941FB03DFE24AD62E4129572D8C5C3C5941E8C7344A6AD62E41EF76DB5C5F3C5941	18	2.7
198	25	8	25	3	0106000020E86400000100000001030000000100000006000000E8C7344A6AD62E41EF76DB5C5F3C5941A7C8872F7AD62E414E7952D15C3C59410176BAA988D62E4166D3D27B5A3C59418B262C6368D62E41B2FBA08C573C5941FB03DFE24AD62E4129572D8C5C3C5941E8C7344A6AD62E41EF76DB5C5F3C5941	21	2.7
199	25	9	25	3	0106000020E86400000100000001030000000100000006000000E8C7344A6AD62E41EF76DB5C5F3C5941A7C8872F7AD62E414E7952D15C3C59410176BAA988D62E4166D3D27B5A3C59418B262C6368D62E41B2FBA08C573C5941FB03DFE24AD62E4129572D8C5C3C5941E8C7344A6AD62E41EF76DB5C5F3C5941	24	2.7
200	25	10	25	3	0106000020E86400000100000001030000000100000006000000E8C7344A6AD62E41EF76DB5C5F3C5941A7C8872F7AD62E414E7952D15C3C59410176BAA988D62E4166D3D27B5A3C59418B262C6368D62E41B2FBA08C573C5941FB03DFE24AD62E4129572D8C5C3C5941E8C7344A6AD62E41EF76DB5C5F3C5941	27	2.7
201	25	13	25	3	0106000020E86400000100000001030000000100000005000000A7C8872F7AD62E414E7952D15C3C59415CD8EFC196D62E41DA46B26E5F3C5941B0FE713AA4D62E41708463FD5C3C59410176BAA988D62E4166D3D27B5A3C5941A7C8872F7AD62E414E7952D15C3C5941	0	2.7
202	25	14	25	3	0106000020E86400000100000001030000000100000005000000A7C8872F7AD62E414E7952D15C3C59415CD8EFC196D62E41DA46B26E5F3C5941B0FE713AA4D62E41708463FD5C3C59410176BAA988D62E4166D3D27B5A3C5941A7C8872F7AD62E414E7952D15C3C5941	3	2.7
\.

--
-- Data for Name: climate; Type: TABLE DATA; Schema: base1;
--

COPY base1.climate (id, name, file_name, latitude, longitude, timezone, height) FROM stdin;
1	Solna	C:\\Program Files (x86)\\IDA districts\\climate\\BROMMA.PRN	59.366	-17.9999	-1	27
\.


--
-- Data for Name: customer_connections; Type: TABLE DATA; Schema: base1;
--

COPY base1.customer_connections (id, cid, c_seq, lid) FROM stdin;
665	1	1	10000026
666	2	1	618
667	3	1	605
668	4	1	10000011
669	5	1	10000013
670	6	1	584
671	7	1	582
672	8	1	600
673	9	1	578
674	10	1	658
675	11	1	624
676	12	1	614
677	13	1	10000028
678	14	1	10000007
679	15	1	10000018
680	16	1	589
681	17	1	593
682	18	1	671
683	19	1	602
684	20	1	596
685	21	1	10000009
686	22	1	10000016
687	23	1	10000015
688	25	1	664
689	27	1	621
690	28	1	10000021
691	29	1	612
692	30	1	10000006
693	31	1	10000019
694	32	1	10000023
695	34	1	630
696	35	1	10000024
697	36	1	629
698	37	1	603
699	38	1	637
700	39	1	615
701	40	1	651
702	41	1	617
703	42	1	645
704	43	1	10000008
705	44	1	650
706	45	1	634
707	46	1	648
708	47	1	675
\.

--
-- Data for Name: lines; Type: TABLE DATA; Schema: base1;
--

COPY base1.lines (id, geom, network, type, pipe_bundle_type_id, zeta, submodel) FROM stdin;
567	01020000A0E864000004000000102FEB06A6D72E417F2BE5E36C3C5941000000000000394054581622AFD72E415EB90B2B6B3C594100000000000039408C9002C2B0D72E4132DC43DC6A3C594100000000000039403487B360F5D72E416849F5E4623C59410000000000003A40	1	2	2	\N	{1}
568	01020000A0E864000002000000CA0914A742D62E4188194A9C503C59410000000000003C4011D609944ED62E41E19F66DB4E3C59410000000000003C40	1	2	3	\N	{1}
570	01020000A0E864000004000000EFD6A5A3CED62E411592DADB5D3C59410000000000003B400D98EEC4BED62E4162B540D15E3C59410000000000003B40242A5CD8B8D62E419F46502C5F3C59410000000000003B4071340294A6D62E4160195246613C59410000000000003B40	1	2	4	\N	{1}
577	01020000A0E864000004000000B859A4EFDCD62E412E9425355B3C59410000000000003A4074A016CEEBD62E41FFC249925C3C59410000000000003A4074A016CEEBD62E41FFC249925C3C59410000000000003A40F097903E46D72E41E23367DE643C59410000000000003A40	1	2	5	\N	{1}
578	01020000A0E864000002000000F097903E46D72E41E23367DE643C59410000000000003A4028BA9C255CD72E4100EB7723613C59410000000000003A40	1	5	4	\N	{1}
579	01020000A0E864000003000000F097903E46D72E41E23367DE643C59410000000000003A40232E840088D72E41D0D7D3E66A3C59410000000000003840102FEB06A6D72E417F2BE5E36C3C59410000000000003940	1	2	4	\N	{1}
582	01020000A0E86400000200000097F30EB71CD82E411C16E978433C594100000000008040406E6202BB34D82E41047520F6463C59410000000000004040	1	5	6	\N	{1}
583	01020000A0E86400000200000084214F42F9D72E4193D61349473C5941000000000000404097F30EB71CD82E411C16E978433C59410000000000804040	1	2	7	\N	{1}
584	01020000A0E86400000200000060216E5E10D82E410B5887E55F3C59410000000000003940645DD5F6FDD72E412606BC4E5D3C59410000000000003940	1	5	8	\N	{1}
588	01020000A0E864000002000000AECD4826E9D62E41E83F0A37343C594100000000000037401E95DCD8FDD62E419527E184303C59410000000000003740	1	2	9	\N	{1}
589	01020000A0E864000003000000AECD4826E9D62E41E83F0A37343C594100000000000037402D546D051ED72E4130ED61D7383C594100000000000039402D546D051ED72E4130ED61D7383C59410000000000003940	1	5	2	\N	{1}
591	01020000A0E8640000040000009403263E30D72E41C3257EB3273C594100000000000036409403263E30D72E41C3257EB3273C59410000000000003640E8D4C8B964D72E419AAB1A222D3C5941000000000000374061FF03D367D72E41D180D3902D3C59410000000000003740	1	2	10	\N	{1}
592	01020000A0E8640000030000001E95DCD8FDD62E419527E184303C594100000000000037409403263E30D72E41C3257EB3273C594100000000000036409403263E30D72E41C3257EB3273C59410000000000003640	1	2	5	\N	{1}
593	01020000A0E86400000200000061FF03D367D72E41D180D3902D3C59410000000000003740BB83544395D72E41E20BB47A283C59410000000000003540	1	5	4	\N	{1}
595	01020000A0E864000003000000AF56A11E9FD62E41C8BD0E26273C59410000000000003740421371C88DD62E414B58B3FE273C594100000000000037402AF0776063D62E41DE0310112A3C59410000000000003740	1	2	4	\N	{1}
596	01020000A0E8640000020000002AF0776063D62E41DE0310112A3C59410000000000003740A836F10073D62E41A49B86102F3C59410000000000003840	1	5	2	\N	{1}
600	01020000A0E8640000020000006963EEBDD4D72E41E1FF74364B3C59410000000000003E402692613DEBD72E41E1AF3A7B4E3C59410000000000003E40	1	5	6	\N	{1}
601	01020000A0E8640000050000001E95DCD8FDD62E419527E184303C59410000000000003740703B2F3DE3D62E412C3DE4332E3C5941000000000000374048691E6EBBD62E41CB03E3C32A3C59410000000000003740A6F0AFBCAAD62E41296878A2283C59410000000000003740AF56A11E9FD62E41C8BD0E26273C59410000000000003740	1	2	5	\N	{1}
602	01020000A0E86400000200000046D5C67468D62E41D0384993193C59410000000000003840D905A11945D62E41432A3AFB1B3C59410000000000003840	1	5	5	\N	{1}
603	01020000A0E8640000020000001F9B089533D72E4137E20382523C59410000000000003940D101C50D2AD72E41FA6AE5EC4D3C59410000000000003B40	1	5	7	\N	{1}
604	01020000A0E864000004000000C52EF72011D72E41F49F256C543C59410000000000003940C52EF72011D72E41F49F256C543C594100000000000039400CA5464522D72E41F0A9FF11533C594100000000000039401F9B089533D72E4137E20382523C59410000000000003940	1	2	4	\N	{1}
605	01020000A0E8640000020000003111694F3FD72E41EE897820523C59410000000000003A4091EFF8F646D72E4172D1E2CE553C59410000000000003A40	1	5	8	\N	{1}
606	01020000A0E8640000020000001F9B089533D72E4137E20382523C594100000000000039403111694F3FD72E41EE897820523C59410000000000003A40	1	2	4	\N	{1}
610	01020000A0E864000002000000766E66B3A0D62E411249EF26413C59410000000000003A40297697E8C5D62E41DF6408823A3C59410000000000003840	1	2	9	\N	{1}
611	01020000A0E86400000300000011D609944ED62E41E19F66DB4E3C59410000000000003C40A1A9F3A555D62E412E4448D14D3C59410000000000003C40766E66B3A0D62E411249EF26413C59410000000000003A40	1	2	9	\N	{1}
612	01020000A0E864000002000000297697E8C5D62E41DF6408823A3C59410000000000003840EA69D979A3D62E41253FBB7E373C59410000000000003840	1	5	4	\N	{1}
613	01020000A0E864000002000000297697E8C5D62E41DF6408823A3C59410000000000003840AECD4826E9D62E41E83F0A37343C59410000000000003740	1	2	9	\N	{1}
614	01020000A0E8640000020000003671D59EAAD72E416F6EF3A34E3C59410000000000003D402AA185BAB0D72E41AA56FA93513C59410000000000003B40	1	5	8	\N	{1}
615	01020000A0E864000002000000B97379B16ED72E4187E3E1C93C3C59410000000000003C40E2DEB79688D72E41E05C8F54403C59410000000000003D40	1	5	6	\N	{1}
616	01020000A0E864000002000000A9E81BEAF7D72E417244186E473C5941000000000000404084214F42F9D72E4193D61349473C59410000000000004040	1	2	2	\N	{1}
617	01020000A0E86400000200000084214F42F9D72E4193D61349473C59410000000000004040F5EAC7B1E3D72E4147780427443C59410000000000004040	1	5	6	\N	{1}
618	01020000A0E864000002000000A9E81BEAF7D72E417244186E473C5941000000000000404060AF5FA410D82E41CD83CC054B3C59410000000000004040	1	5	6	\N	{1}
621	01020000A0E864000002000000855007DA08D62E4131732FE5663C594100000000000040406C51F3D528D62E411899284C693C59410000000000003F40	1	5	2	\N	{1}
623	01020000A0E8640000020000006E832F446AD72E410A3F32BB503C59410000000000003A403671D59EAAD72E416F6EF3A34E3C59410000000000003D40	1	2	4	\N	{1}
624	01020000A0E8640000020000006E832F446AD72E410A3F32BB503C59410000000000003A407E9F54D973D72E4118B5FD56553C59410000000000003B40	1	5	6	\N	{1}
625	01020000A0E8640000020000003111694F3FD72E41EE897820523C59410000000000003A406E832F446AD72E410A3F32BB503C59410000000000003A40	1	2	4	\N	{1}
628	01020000A0E864000004000000B859A4EFDCD62E412E9425355B3C59410000000000003A4004A8C29EE0D62E41974B46855A3C59410000000000003A40BD412BBAF1D62E41A2D0A453573C59410000000000003A40BD412BBAF1D62E41A2D0A453573C59410000000000003A40	1	2	10	\N	{1}
629	01020000A0E864000004000000C52EF72011D72E41F49F256C543C59410000000000003940C52EF72011D72E41F49F256C543C5941000000000000394068F7FBE302D72E410FF81F9A513C5941000000000000394068F7FBE302D72E410FF81F9A513C59410000000000003940	1	5	6	\N	{1}
630	01020000A0E864000003000000BD412BBAF1D62E41A2D0A453573C59410000000000003A40BD412BBAF1D62E41A2D0A453573C59410000000000003A40786E3DBCD3D62E415B2C12D1543C59410000000000003940	1	5	9	\N	{1}
631	01020000A0E864000006000000BD412BBAF1D62E41A2D0A453573C59410000000000003A40BD412BBAF1D62E41A2D0A453573C59410000000000003A40F566D3B0F5D62E41D05F3596563C59410000000000003A40F566D3B0F5D62E41D05F3596563C59410000000000003A40C52EF72011D72E41F49F256C543C59410000000000003940C52EF72011D72E41F49F256C543C59410000000000003940	1	2	10	\N	{1}
632	01020000A0E8640000060000003671D59EAAD72E416F6EF3A34E3C59410000000000003D40FFDF6627B0D72E41F28FED754E3C59410000000000003D404201C9E5BCD72E41083710BB4D3C59410000000000003E407F632E4AC7D72E41CB4420A54C3C59410000000000003E40FC070F2FCBD72E4192AB9B3D4C3C59410000000000003E402141FB76D4D72E41A95E163E4B3C59410000000000003E40	1	2	4	\N	{1}
633	01020000A0E8640000020000006963EEBDD4D72E41E1FF74364B3C59410000000000003E40A9E81BEAF7D72E417244186E473C59410000000000004040	1	2	2	\N	{1}
634	01020000A0E8640000020000002141FB76D4D72E41A95E163E4B3C59410000000000003E4072667AAFBFD72E41EACD3B39483C59410000000000003F40	1	5	6	\N	{1}
635	01020000A0E8640000020000002141FB76D4D72E41A95E163E4B3C59410000000000003E406963EEBDD4D72E41E1FF74364B3C59410000000000003E40	1	2	2	\N	{1}
636	01020000A0E864000002000000635908973CD72E4107FC3783423C59410000000000003B40B97379B16ED72E4187E3E1C93C3C59410000000000003C40	1	2	4	\N	{1}
637	01020000A0E864000002000000635908973CD72E4107FC3783423C59410000000000003B40A423422B58D72E41B169D748463C59410000000000003C40	1	5	2	\N	{1}
645	01020000A0E864000002000000A029B43292D72E41A19013BD383C59410000000000003B40AA627F4DABD72E4110531F543C3C59410000000000003D40	1	5	6	\N	{1}
646	01020000A0E864000002000000A029B43292D72E41A19013BD383C59410000000000003B4025B35F53B6D72E41B79087CA343C59410000000000003C40	1	2	4	\N	{1}
648	01020000A0E864000002000000511D6B7FFED72E41793CC3E72C3C59410000000000003C40990469D118D82E4181824FAB303C59410000000000003C40	1	5	8	\N	{1}
649	01020000A0E8640000020000009D62AB62EBD72E411C335DFE2E3C59410000000000003A40511D6B7FFED72E41793CC3E72C3C59410000000000003C40	1	2	2	\N	{1}
650	01020000A0E86400000200000025B35F53B6D72E41B79087CA343C59410000000000003C40C685C118CFD72E4108865C55383C59410000000000003C40	1	5	6	\N	{1}
651	01020000A0E8640000020000009D62AB62EBD72E411C335DFE2E3C59410000000000003A40743922991ED82E413C9A3051363C59410000000000804040	1	5	8	\N	{1}
652	01020000A0E86400000200000025B35F53B6D72E41B79087CA343C59410000000000003C409D62AB62EBD72E411C335DFE2E3C59410000000000003A40	1	2	4	\N	{1}
656	01020000A0E8640000030000003487B360F5D72E416849F5E4623C59410000000000003A407037A5B6E4D72E41D03C9D5E603C5941000000000000394006FCFDA5DCD72E4128266F155D3C59410000000000003940	1	2	6	\N	{1}
657	01020000A0E8640000030000003487B360F5D72E416849F5E4623C59410000000000003A40C9AE8B8C0ED82E417FA74619603C5941000000000000394060216E5E10D82E410B5887E55F3C59410000000000003940	1	2	2	\N	{1}
658	01020000A0E86400000200000006FCFDA5DCD72E4128266F155D3C59410000000000003940EF121A20B7D72E410F438AC25D3C59410000000000003940	1	5	6	\N	{1}
660	01020000A0E864000003000000AF56A11E9FD62E41C8BD0E26273C59410000000000003740BC2D125975D62E4107350E891C3C5941000000000000384046D5C67468D62E41D0384993193C59410000000000003840	1	2	5	\N	{1}
664	01020000A0E864000002000000717DBB7E86D62E41A339A0AB563C59410000000000003A40FD0230DE6BD62E41BDB7543A5B3C59410000000000003A40	1	5	4	\N	{1}
669	01020000A0E86400000600000022EE826E95D62E417471761E553C59410000000000003A40DABD12389BD62E4196E5CF7C543C59410000000000003A40CACE82F1ADD62E41796C1071523C59410000000000003940EC30397CF2D62E41B82782FA4A3C59410000000000003940D5E982C419D72E416FD6A47D463C59410000000000003A40D5E982C419D72E416FD6A47D463C59410000000000003A40	1	2	5	\N	{1}
670	01020000A0E86400000300000022EE826E95D62E417471761E553C59410000000000003A407E240358C7D62E419DF9BE79593C59410000000000003A40B859A4EFDCD62E412E9425355B3C59410000000000003A40	1	2	5	\N	{1}
671	01020000A0E864000003000000D5E982C419D72E416FD6A47D463C59410000000000003A40D5E982C419D72E416FD6A47D463C59410000000000003A409ADE2696F0D62E419C95C5DB403C59410000000000003940	1	5	2	\N	{1}
672	01020000A0E864000003000000D5E982C419D72E416FD6A47D463C59410000000000003A40D5E982C419D72E416FD6A47D463C59410000000000003A40635908973CD72E4107FC3783423C59410000000000003B40	1	2	10	\N	{1}
675	01020000A0E864000002000000DAF3C06E79D62E4142ADD2AA523C59410000000000003940C6E277438BD62E4115404B7C4F3C59410000000000003940	1	5	5	\N	{1}
676	01020000A0E864000002000000DAF3C06E79D62E4142ADD2AA523C5941000000000000394022EE826E95D62E417471761E553C59410000000000003A40	1	2	9	\N	{1}
10000002	01020000A0E864000005000000CA0914A742D62E4188194A9C503C59410000000000003C407446438E60D62E415E90DB34533C59410000000000003B40752E30D664D62E41CAB00F99533C59410000000000003B404241EC7E67D62E41B36F2AD7533C59410000000000003B40717DBB7E86D62E41A339A0AB563C59410000000000003A40	1	2	5	\N	{1}
10000003	01020000A0E864000003000000717DBB7E86D62E41A339A0AB563C59410000000000003A4022B4924D8AD62E41DB7C9E04573C59410000000000003A40EFD6A5A3CED62E411592DADB5D3C59410000000000003B40	1	2	10	\N	{1}
10000004	01020000A0E864000005000000D6518C66E5D52E41AB3522B45D3C59410000000000003D40086E6802D7D52E4184EB87715B3C59410000000000003D40320BF6BFF7D52E41DB46A82F583C59410000000000003C404A0C2BA030D62E415D6CD642533C59410000000000003C40CA0914A742D62E4188194A9C503C59410000000000003C40	1	2	3	\N	{1}
10000006	01020000A0E86400000500000011D609944ED62E41E19F66DB4E3C59410000000000003C407F68315B33D62E41E45B826A4C3C59410000000000003E40B14503331ED62E41404CB32D4A3C594100000000000040405E6FFCBF09D62E418846B11F483C59410000000000804040E4A1CD4722D62E41FCF2244F443C59410000000000804040	1	5	2	\N	{1}
10000007	01020000A0E86400000300000061FF03D367D72E41D180D3902D3C5941000000000000374075D3DA166BD72E41BCDD7E052E3C59410000000000003740BA7830864FD72E413B6F6B1B313C59410000000000003840	1	5	4	\N	{1}
10000008	01020000A0E86400000300000097F30EB71CD82E411C16E978433C59410000000000804040949A47BB1DD82E4164BDEC5C433C5941000000000080404034B19E4F06D82E41DD98D5F53F3C59410000000000004040	1	5	6	\N	{1}
10000009	01020000A0E86400000500000071340294A6D62E4160195246613C59410000000000003B40CCF5366EA7D62E412A4A8941623C59410000000000003B40F47A6196A5D62E412771E8D1633C59410000000000003B40E8F64CC2A2D62E418F85A1EE643C59410000000000003D4006D741F8D2D62E41B00A0DD9663C59410000000000003D40	1	5	2	\N	{1}
10000010	01020000A0E86400000500000071340294A6D62E4160195246613C59410000000000003B40C87ACE688DD62E410843FD63623C59410000000000003B4090784BCB3CD62E414B54A32E633C59410000000000003F40CE274C2314D62E4115621D8C643C59410000000000004040855007DA08D62E4131732FE5663C59410000000000004040	1	2	4	\N	{1}
10000011	01020000A0E86400000300000006FCFDA5DCD72E4128266F155D3C59410000000000003940740DCB8FD6D72E41019ACE7F573C59410000000000003B40AAF0C107B3D72E4192E8B61A583C59410000000000003B40	1	5	8	\N	{1}
10000013	01020000A0E86400000300000060216E5E10D82E410B5887E55F3C5941000000000000394081AC0FF334D82E41406A5ED55B3C59410000000000003A4091DAF3341CD82E4199BF545A583C59410000000000003A40	1	5	7	\N	{1}
10000015	01020000A0E864000008000000EFD6A5A3CED62E411592DADB5D3C59410000000000003B409087E7E7DBD62E410C44861E5F3C59410000000000003B40A5459F871BD72E4100AD3C29653C59410000000000003B40F93B646B67D72E4152F105E76B3C59410000000000003840CA7F66B860D72E41CFFA32366D3C59410000000000003840AEB1BB5F54D72E41ABA322A06F3C594100000000000039408600DABA4CD72E41AB199343713C5941000000000000394066872EF822D72E41D3163F386E3C59410000000000003940	1	5	2	\N	{1}
10000016	01020000A0E864000005000000855007DA08D62E4131732FE5663C594100000000000040400B2F9324FCD52E41E5EF048A693C5941000000000080414039D7B325EDD52E41BA99EC296B3C59410000000000804140FA69598ECED52E4158520F7A6E3C59410000000000004140CCB9F770EDD52E416ED4C9EE723C59410000000000804240	1	5	7	\N	{1}
10000017	01020000A0E864000003000000B97379B16ED72E4187E3E1C93C3C59410000000000003C405E1DB2F590D72E4151C8B6DF383C59410000000000003B40A029B43292D72E41A19013BD383C59410000000000003B40	1	2	4	\N	{1}
10000018	01020000A0E8640000090000009403263E30D72E41C3257EB3273C594100000000000036409403263E30D72E41C3257EB3273C594100000000000036408E406E7136D72E41AF58079E263C594100000000000036408E406E7136D72E41AF58079E263C5941000000000000364010902F594CD72E4134170686233C59410000000000003640B8FD3A5F67D72E413533FED2203C59410000000000003540B5F90EE89CD72E41F59421B01C3C5941000000000000344061543EC5ACD72E415DFF29761B3C5941000000000000344021D1AC0ED2D72E419987D187223C59410000000000003440	1	5	4	\N	{1}
10000019	01020000A0E8640000040000002AF0776063D62E41DE0310112A3C594100000000000037405CE3008B34D62E41BFF4CC5A2C3C59410000000000003840A13719870ED62E41D56654182E3C59410000000000003940C31632B920D62E41CC94284E343C59410000000000003D40	1	5	7	\N	{1}
10000021	01020000A0E864000004000000CA0914A742D62E4188194A9C503C59410000000000003C40E82C038828D62E418E2FC4574E3C59410000000000003E407714C9D607D62E41541A3A3D4B3C59410000000000003F40CCDEF6B4F6D52E41DC1A110F4E3C59410000000000004040	1	5	2	\N	{1}
10000023	01020000A0E864000005000000766E66B3A0D62E411249EF26413C59410000000000003A40D4CD5C0596D62E41510DC95B403C59410000000000003A40E4D61D8686D62E41EA16F051403C59410000000000003C40B5F44C0776D62E41096A1B12413C59410000000000003C40E3F6FFB04DD62E4153004F523D3C59410000000000003E40	1	5	2	\N	{1}
10000024	01020000A0E86400000300000046D5C67468D62E41D0384993193C594100000000000038405E9DA1F162D62E410516474F183C59410000000000003840FDBE28F37FD62E41DB396E92153C59410000000000003840	1	5	6	\N	{1}
10000026	01020000A0E864000005000000102FEB06A6D72E417F2BE5E36C3C5941000000000000394004A2B27FB9D72E4198CFEEFA6D3C594100000000000039403C3D905FDAD72E413E97E7B46E3C59410000000000003A4017F82129FCD72E41D6E71F9F6E3C59410000000000003A408224D886FBD72E41C47A17B06A3C59410000000000003A40	1	5	2	\N	{1}
10000027	01020000A0E86400000400000011D609944ED62E41E19F66DB4E3C59410000000000003C4018985D2A6CD62E411CEF9582513C59410000000000003B40BFE0861072D62E411125A805523C59410000000000003B40DAF3C06E79D62E4142ADD2AA523C59410000000000003940	1	2	11	\N	{1}
10000028	01020000A0E864000006000000511D6B7FFED72E41793CC3E72C3C59410000000000003C40E40507FB03D82E41B80F664E2C3C59410000000000003C40261F9F2E35D82E41E329F0ED263C5941000000000000394046E7F17F3AD82E41361C6659263C594100000000000039409CA06F8B4BD82E418690596E243C5941000000000000374052D4AA8111D82E4102726D5F1C3C59410000000000003540	1	5	2	\N	{1}
\.


--
-- Data for Name: network; Type: TABLE DATA; Schema: base1;
--

COPY base1.network (id, description) FROM stdin;
1	This is the main network.
\.




--
-- Data for Name: streets; Type: TABLE DATA; Schema: base1;
--

COPY base1.streets (id, geom, costs_eur7m, source, target) FROM stdin;
1	0102000020E864000005000000AF56A11E9FD62E41C8BD0E26273C5941A6F0AFBCAAD62E41296878A2283C594148691E6EBBD62E41CB03E3C32A3C5941703B2F3DE3D62E412C3DE4332E3C59411E95DCD8FDD62E419527E184303C5941	100	\N	\N
2	0102000020E864000002000000E82C038828D62E418E2FC4574E3C59417446438E60D62E415E90DB34533C5941	100	\N	\N
3	0102000020E86400000B000000691749B5A5D42E4147ED6FFF383C5941B48CC3F3CBD42E41B30558AF383C5941E86467FEE8D42E411C91395B383C594163A6AE71FAD42E414519EBC9383C59411EABBA570BD52E4107272384393C5941A00D38CA55D52E414EF9BE243E3C5941D64BB7C064D52E417A5232183F3C594137D34A6973D52E410A676F07403C5941A5AF3EA8BDD52E418F714EB1443C59411401271BF4D52E41CF63A55D493C5941E82C038828D62E418E2FC4574E3C5941	100	\N	\N
4	0102000020E86400000200000018985D2A6CD62E411CEF9582513C59417F68315B33D62E41E45B826A4C3C5941	100	\N	\N
5	0102000020E864000005000000B859A4EFDCD62E412E9425355B3C59417E240358C7D62E419DF9BE79593C594122EE826E95D62E417471761E553C5941BFE0861072D62E411125A805523C594118985D2A6CD62E411CEF9582513C5941	100	\N	\N
6	0102000020E864000007000000766E66B3A0D62E411249EF26413C5941D4CD5C0596D62E41510DC95B403C5941E4D61D8686D62E41EA16F051403C5941B5F44C0776D62E41096A1B12413C5941441E5E6545D62E41498882094A3C594130AB470238D62E4193152D604A3C5941B14503331ED62E41404CB32D4A3C5941	100	\N	\N
7	0102000020E86400000400000057564C50D1D72E41D5002BAF523C594106FCFDA5DCD72E4128266F155D3C59417037A5B6E4D72E41D03C9D5E603C59413487B360F5D72E416849F5E4623C5941	100	\N	\N
8	0102000020E864000004000000CE274C2314D62E4115621D8C643C59410B2F9324FCD52E41E5EF048A693C594139D7B325EDD52E41BA99EC296B3C5941B2C4DFA069D52E4175374268793C5941	100	\N	\N
9	0102000020E864000006000000C1CEEC8E6CD62E41585EA643733C5941025D488496D62E411E5B5209683C5941CCC127B8A1D62E41C6E04857653C5941F47A6196A5D62E412771E8D1633C5941CCF5366EA7D62E412A4A8941623C594171340294A6D62E4160195246613C5941	100	\N	\N
10	0102000020E86400000B000000266CF6F4D7D72E416EA0A1DC713C59411D83817F05D82E4142DD75A7713C59413E0F67811BD82E41BB89BA5B713C59414C764A5048D82E413BE05F6D6F3C59419CD4280F18D92E41E92D926C653C594158427B5181D92E41AA7C0A62603C59418472F8D299D92E41C8EF112E5F3C59417EE8199E26DA2E41B1920381583C594149A33D0F37DA2E4177D903B8573C5941346F2BB48BDA2E41675A4986533C5941071ACD6799DA2E4151355E8C513C5941	100	\N	\N
11	0102000020E8640000080000001E95DCD8FDD62E419527E184303C5941766E66B3A0D62E411249EF26413C5941A1A9F3A555D62E412E4448D14D3C59414A0C2BA030D62E415D6CD642533C5941320BF6BFF7D52E41DB46A82F583C5941C486304241D52E41E59891576A3C594196207A63ABD42E411CB5716C7E3C59416CDC6DDF9CD42E4163B78C5E803C5941	100	\N	\N
12	0102000020E8640000070000001E95DCD8FDD62E419527E184303C59419403263E30D72E41C3257EB3273C59418E406E7136D72E41AF58079E263C594110902F594CD72E4134170686233C5941B8FD3A5F67D72E413533FED2203C5941B5F90EE89CD72E41F59421B01C3C594161543EC5ACD72E415DFF29761B3C5941	100	\N	\N
13	0102000020E8640000030000005CE3008B34D62E41BFF4CC5A2C3C594175529DAF1DD62E418423476F253C5941DA4A55AF17D62E4187B986B6253C5941	100	\N	\N
14	0102000020E864000005000000AF56A11E9FD62E41C8BD0E26273C5941421371C88DD62E414B58B3FE273C59415CE3008B34D62E41BFF4CC5A2C3C5941BE99FF9CDAD52E41ABFCC078303C59410AE63E19C7D52E41746F6DB3313C5941	100	\N	\N
15	0102000020E86400000F000000E25AB0CC9AD72E4116C5C3906F3C5941102FEB06A6D72E417F2BE5E36C3C594154581622AFD72E415EB90B2B6B3C59418C9002C2B0D72E4132DC43DC6A3C59413487B360F5D72E416849F5E4623C5941C9AE8B8C0ED82E417FA74619603C5941EC08E897ABD82E41FE32C2A74E3C594196DC072209D92E417009B8B5443C5941D4C0ABF26DD92E41212E7ACB393C5941AAECBFED7AD92E41A8C47F57383C5941607BE9807FD92E4147A2A6D4373C59415C89B8BFBED92E4154B0B10A313C59418012F4A5DCD92E419F22F68B2E3C594111B3FB81FBD92E41211B11252D3C59413330F4F00FDA2E412D692E8A2B3C5941	100	\N	\N
16	0102000020E8640000080000008472F8D299D92E41C8EF112E5F3C594160F3686890D92E41D848A8065C3C59410E2376E78CD92E41366333BE5A3C5941E0BFDC5282D92E41BB547ADF563C5941C69A5E6178D92E41CF4172A2543C594196DC072209D92E417009B8B5443C59411AE929159FD82E4152B6A973353C5941261F9F2E35D82E41E329F0ED263C5941	100	\N	\N
17	0102000020E86400000E0000008021D3494BD72E417311FD448D3C5941C2F7B55547D72E41F0BFA3CA893C59414C68CE4734D72E41DD4F7171873C5941EFB4D6751FD72E41F37D4411853C594110BB369822D72E416D551A32833C59412C34FA9123D72E410D271B9E823C5941ECF451C730D72E41E960706A803C5941B2E9379234D72E41E775F9F37A3C594196ED008235D72E4158C9E43D7A3C594148C877063BD72E419FFFAB06763C5941F889E4CD45D72E41137F97BF723C5941AEB1BB5F54D72E41ABA322A06F3C5941CA7F66B860D72E41CFFA32366D3C5941F93B646B67D72E4152F105E76B3C5941	100	\N	\N
18	0102000020E864000005000000FA7C367011D62E41CC8B95700D3C59418BDD024820D62E4194F49C6B0F3C59415E9DA1F162D62E410516474F183C5941BC2D125975D62E4107350E891C3C5941AF56A11E9FD62E41C8BD0E26273C5941	100	\N	\N
19	0102000020E8640000050000007F68315B33D62E41E45B826A4C3C5941B14503331ED62E41404CB32D4A3C5941B7E6FEB001D62E41A9FC6750473C59412C89BF48D4D52E41349CD3FB423C594174C6E2957DD52E41CBDF4F793D3C5941	100	\N	\N
20	0102000020E864000009000000EFD6A5A3CED62E411592DADB5D3C59419087E7E7DBD62E410C44861E5F3C5941A5459F871BD72E4100AD3C29653C5941F93B646B67D72E4152F105E76B3C5941B412291A72D72E415391E2D96C3C5941B84FCA327CD72E41AA855C866D3C5941E25AB0CC9AD72E4116C5C3906F3C594115CCAFDDB6D72E41C5CC9BDE703C5941266CF6F4D7D72E416EA0A1DC713C5941	100	\N	\N
21	0102000020E86400000A000000071ACD6799DA2E4151355E8C513C59411CE35CC385DA2E41B4423C82503C59417880DCB557DA2E41A5E11D70523C59418424A7692DDA2E41EC5FD962543C59414D50143A1CDA2E41150D3D4B553C594160F3686890D92E41D848A8065C3C59418A09AB240ED92E4106F5D140623C5941C26193DF15D82E41CB7842276E3C5941F8396FDA00D82E41C185199C6E3C59413C3D905FDAD72E413E97E7B46E3C5941	100	\N	\N
22	0102000020E8640000050000007446438E60D62E415E90DB34533C5941752E30D664D62E41CAB00F99533C59414241EC7E67D62E41B36F2AD7533C594122B4924D8AD62E41DB7C9E04573C5941EFD6A5A3CED62E411592DADB5D3C5941	100	\N	\N
23	0102000020E864000002000000EFD6A5A3CED62E411592DADB5D3C5941B859A4EFDCD62E412E9425355B3C5941	100	\N	\N
24	0102000020E8640000060000003C3D905FDAD72E413E97E7B46E3C594104A2B27FB9D72E4198CFEEFA6D3C5941102FEB06A6D72E417F2BE5E36C3C5941232E840088D72E41D0D7D3E66A3C594174A016CEEBD62E41FFC249925C3C5941B859A4EFDCD62E412E9425355B3C5941	100	\N	\N
25	0102000020E864000003000000481B74E67ED72E41BC4168C9303C5941E8D4C8B964D72E419AAB1A222D3C59419403263E30D72E41C3257EB3273C5941	100	\N	\N
26	0102000020E86400000F000000B859A4EFDCD62E412E9425355B3C594104A8C29EE0D62E41974B46855A3C5941F566D3B0F5D62E41D05F3596563C59410CA5464522D72E41F0A9FF11533C5941FFDF6627B0D72E41F28FED754E3C59414201C9E5BCD72E41083710BB4D3C59417F632E4AC7D72E41CB4420A54C3C5941FC070F2FCBD72E4192AB9B3D4C3C59411AE929159FD82E4152B6A973353C5941ACAAFFBEF1D82E412BBBE47E2B3C5941E88BBC4220D92E41BDB291E4253C5941680687F028D92E4195F734D9243C59411674D64D4DD92E41110EC977203C5941BB9FCECB68D92E41FC275B781E3C59410088716E84D92E4172E209C41D3C5941	100	\N	\N
27	0102000020E86400000200000022EE826E95D62E417471761E553C594122B4924D8AD62E41DB7C9E04573C5941	100	\N	\N
28	0102000020E8640000050000005E1DB2F590D72E4151C8B6DF383C5941EC30397CF2D62E41B82782FA4A3C5941CACE82F1ADD62E41796C1071523C5941DABD12389BD62E4196E5CF7C543C594122EE826E95D62E417471761E553C5941	100	\N	\N
29	0102000020E864000003000000261F9F2E35D82E41E329F0ED263C5941E40507FB03D82E41B80F664E2C3C59415E1DB2F590D72E4151C8B6DF383C5941	100	\N	\N
30	0102000020E8640000030000009D709653C4D82E41EBBDB9D6163C594146E7F17F3AD82E41361C6659263C5941261F9F2E35D82E41E329F0ED263C5941	100	\N	\N
31	0102000020E86400000400000071340294A6D62E4160195246613C5941C87ACE688DD62E410843FD63623C594190784BCB3CD62E414B54A32E633C5941CE274C2314D62E4115621D8C643C5941	100	\N	\N
32	0102000020E864000004000000EFD6A5A3CED62E411592DADB5D3C59410D98EEC4BED62E4162B540D15E3C5941242A5CD8B8D62E419F46502C5F3C594171340294A6D62E4160195246613C5941	100	\N	\N
\.


--
-- Data for Name: submodels; Type: TABLE DATA; Schema: base1;
--

COPY base1.submodels (id, submodel, geom) FROM stdin;
1	1	0106000020E86400000100000001030000000100000025000000FA69598ECED52E41DB396E12133C594189A07CA7CAD52E419C5DBA1E133C5941E39502E7C6D52E41ABCD2543133C5941ED65D471C3D52E41A63E4A7E133C5941EA69F669C0D52E41D9D9E1CD133C5941519039EDBDD52E415999DD2E143C59417A081614BCD52E41585F839D143C5941FF87BAF0BAD52E41ADA09215153C5941FA69598EBAD52E41DB396E92153C5941FA69598EBAD52E416ED4C9EE723C5941FF87BAF0BAD52E419C6DA56B733C59417A081614BCD52E41F1AEB4E3733C5941519039EDBDD52E41F0745A52743C5941EA69F669C0D52E41703456B3743C5941ED65D471C3D52E41A3CFED02753C5941E39502E7C6D52E419E40123E753C594189A07CA7CAD52E41ADB07D62753C5941FA69598ECED52E416ED4C96E753C59419CA06F8B4BD82E416ED4C96E753C59410D6A4C724FD82E41ADB07D62753C5941B374C63253D82E419E40123E753C5941A9A4F4A756D82E41A3CFED02753C5941ACA0D2AF59D82E41703456B3743C5941457A8F2C5CD82E41F0745A52743C59411C02B3055ED82E41F1AEB4E3733C594197820E295FD82E419C6DA56B733C59419CA06F8B5FD82E416ED4C9EE723C59419CA06F8B5FD82E41DB396E92153C594197820E295FD82E41ADA09215153C59411C02B3055ED82E41585F839D143C5941457A8F2C5CD82E415999DD2E143C5941ACA0D2AF59D82E41D9D9E1CD133C5941A9A4F4A756D82E41A63E4A7E133C5941B374C63253D82E41ABCD2543133C59410D6A4C724FD82E419C5DBA1E133C59419CA06F8B4BD82E41DB396E12133C5941FA69598ECED52E41DB396E12133C5941
\.


--
-- Data for Name: supervisory_ctrl; Type: TABLE DATA; Schema: public;
--

COPY public.supervisory_ctrl (id, submodel) FROM stdin;
1	1
\.





--
-- Data for Name: energy_plants; Type: TABLE DATA; Schema: base1;
--

COPY base1.energy_plants (id, geom, template, network, submodel) FROM stdin;
1	01010000A0E8640000D6518C66E5D52E41AB3522B45D3C59410000000000003D40	1	{1}	1
\.


--
-- Data for Name: invoked_sf; Type: TABLE DATA; Schema: base1;
--

COPY base1.invoked_sf (id, sf, type, vars) FROM stdin;
\.


--
-- Data for Name: junction_connections; Type: TABLE DATA; Schema: base1;
--

COPY base1.junction_connections (id, jid, lid) FROM stdin;
2280	1	578
2281	1	577
2282	1	579
2283	2	589
2284	2	588
2285	2	613
2286	3	593
2287	3	591
2288	3	10000007
2289	4	602
2290	4	660
2291	4	10000024
2292	5	615
2293	5	636
2294	5	10000017
2295	6	637
2296	6	636
2297	6	672
2298	7	645
2299	7	646
2300	7	10000017
2301	8	648
2302	8	10000028
2303	8	649
2304	9	650
2305	9	646
2306	9	652
2307	10	635
2308	10	632
2309	10	634
2310	11	635
2311	11	633
2312	11	600
2313	12	567
2314	12	579
2315	12	10000026
2316	13	567
2317	13	656
2318	13	657
2319	14	568
2320	14	10000002
2321	14	10000004
2322	14	10000021
2323	15	568
2324	15	611
2325	15	10000006
2326	15	10000027
2327	16	570
2328	16	10000003
2329	16	10000015
2330	17	570
2331	17	10000009
2332	17	10000010
2333	18	577
2334	18	628
2335	18	670
2336	19	583
2337	19	616
2338	19	617
2339	20	583
2340	20	10000008
2341	20	582
2342	21	588
2343	21	592
2344	21	601
2345	22	592
2346	22	591
2347	22	10000018
2348	23	601
2349	23	660
2350	23	595
2351	24	603
2352	24	604
2353	24	606
2354	25	629
2355	25	631
2356	25	604
2357	26	625
2358	26	605
2359	26	606
2360	27	610
2361	27	611
2362	27	10000023
2363	28	610
2364	28	612
2365	28	613
2366	29	614
2367	29	623
2368	29	632
2369	30	616
2370	30	618
2371	30	633
2372	31	623
2373	31	624
2374	31	625
2375	32	628
2376	32	630
2377	32	631
2378	33	649
2379	33	651
2380	33	652
2381	34	656
2382	34	658
2383	34	10000011
2384	35	657
2385	35	584
2386	35	10000013
2387	36	664
2388	36	10000002
2389	36	10000003
2390	37	671
2391	37	669
2392	37	672
2393	38	675
2394	38	676
2395	38	10000027
2396	39	595
2397	39	596
2398	39	10000019
2399	40	621
2400	40	10000010
2401	40	10000016
2402	41	669
2403	41	670
2404	41	676
\.


--
-- Data for Name: junctions; Type: TABLE DATA; Schema: base1;
--

COPY base1.junctions (id, geom, type, n_connections, submodel, network, zeta) FROM stdin;
14	01010000A0E8640000CA0914A742D62E4188194A9C503C59410000000000000000	1	4	1	1	\N
15	01010000A0E864000011D609944ED62E41E19F66DB4E3C59410000000000000000	1	4	1	1	\N
1	01010000A0E8640000F097903E46D72E41E23367DE643C59410000000000000000	4	3	1	1	\N
2	01010000A0E8640000AECD4826E9D62E41E83F0A37343C59410000000000000000	4	3	1	1	\N
3	01010000A0E864000061FF03D367D72E41D180D3902D3C59410000000000000000	4	3	1	1	\N
4	01010000A0E864000046D5C67468D62E41D0384993193C59410000000000000000	4	3	1	1	\N
5	01010000A0E8640000B97379B16ED72E4187E3E1C93C3C59410000000000000000	4	3	1	1	\N
6	01010000A0E8640000635908973CD72E4107FC3783423C59410000000000000000	4	3	1	1	\N
7	01010000A0E8640000A029B43292D72E41A19013BD383C59410000000000000000	4	3	1	1	\N
8	01010000A0E8640000511D6B7FFED72E41793CC3E72C3C59410000000000000000	4	3	1	1	\N
9	01010000A0E864000025B35F53B6D72E41B79087CA343C59410000000000000000	4	3	1	1	\N
10	01010000A0E86400002141FB76D4D72E41A95E163E4B3C59410000000000000000	4	3	1	1	\N
11	01010000A0E86400006963EEBDD4D72E41E1FF74364B3C59410000000000000000	4	3	1	1	\N
12	01010000A0E8640000102FEB06A6D72E417F2BE5E36C3C59410000000000000000	4	3	1	1	\N
13	01010000A0E86400003487B360F5D72E416849F5E4623C59410000000000000000	4	3	1	1	\N
16	01010000A0E8640000EFD6A5A3CED62E411592DADB5D3C59410000000000000000	4	3	1	1	\N
17	01010000A0E864000071340294A6D62E4160195246613C59410000000000000000	4	3	1	1	\N
18	01010000A0E8640000B859A4EFDCD62E412E9425355B3C59410000000000000000	4	3	1	1	\N
19	01010000A0E864000084214F42F9D72E4193D61349473C59410000000000000000	4	3	1	1	\N
20	01010000A0E864000097F30EB71CD82E411C16E978433C59410000000000000000	4	3	1	1	\N
21	01010000A0E86400001E95DCD8FDD62E419527E184303C59410000000000000000	4	3	1	1	\N
22	01010000A0E86400009403263E30D72E41C3257EB3273C59410000000000000000	4	3	1	1	\N
23	01010000A0E8640000AF56A11E9FD62E41C8BD0E26273C59410000000000000000	4	3	1	1	\N
24	01010000A0E86400001F9B089533D72E4137E20382523C59410000000000000000	4	3	1	1	\N
25	01010000A0E8640000C52EF72011D72E41F49F256C543C59410000000000000000	4	3	1	1	\N
26	01010000A0E86400003111694F3FD72E41EE897820523C59410000000000000000	4	3	1	1	\N
27	01010000A0E8640000766E66B3A0D62E411249EF26413C59410000000000000000	4	3	1	1	\N
28	01010000A0E8640000297697E8C5D62E41DF6408823A3C59410000000000000000	4	3	1	1	\N
29	01010000A0E86400003671D59EAAD72E416F6EF3A34E3C59410000000000000000	4	3	1	1	\N
30	01010000A0E8640000A9E81BEAF7D72E417244186E473C59410000000000000000	4	3	1	1	\N
31	01010000A0E86400006E832F446AD72E410A3F32BB503C59410000000000000000	4	3	1	1	\N
32	01010000A0E8640000BD412BBAF1D62E41A2D0A453573C59410000000000000000	4	3	1	1	\N
33	01010000A0E86400009D62AB62EBD72E411C335DFE2E3C59410000000000000000	4	3	1	1	\N
34	01010000A0E864000006FCFDA5DCD72E4128266F155D3C59410000000000000000	4	3	1	1	\N
35	01010000A0E864000060216E5E10D82E410B5887E55F3C59410000000000000000	4	3	1	1	\N
36	01010000A0E8640000717DBB7E86D62E41A339A0AB563C59410000000000000000	4	3	1	1	\N
37	01010000A0E8640000D5E982C419D72E416FD6A47D463C59410000000000000000	4	3	1	1	\N
38	01010000A0E8640000DAF3C06E79D62E4142ADD2AA523C59410000000000000000	4	3	1	1	\N
39	01010000A0E86400002AF0776063D62E41DE0310112A3C59410000000000000000	4	3	1	1	\N
40	01010000A0E8640000855007DA08D62E4131732FE5663C59410000000000000000	4	3	1	1	\N
41	01010000A0E864000022EE826E95D62E417471761E553C59410000000000000000	4	3	1	1	\N
\.

--
-- Data for Name: customers; Type: TABLE DATA; Schema: base1;
--

COPY base1.customers (id, geom, template, network, load_w, submodel, gfa_m2) FROM stdin;
1	01010000A0E86400008224D886FBD72E41C47A17B06A3C59410000000000003A40	1	{1}	118820.727166313	1	2376.4145433262597
2	01010000A0E864000060AF5FA410D82E41CD83CC054B3C59410000000000004040	1	{1}	43274.5273414689	1	865.490546829378
3	01010000A0E864000091EFF8F646D72E4172D1E2CE553C59410000000000003A40	1	{1}	23525.1622467343	1	470.503244934686
4	01010000A0E8640000AAF0C107B3D72E4192E8B61A583C59410000000000003B40	1	{1}	33060.9403036735	1	661.2188060734701
5	01010000A0E864000091DAF3341CD82E4199BF545A583C59410000000000003A40	1	{1}	77616.1245655517	1	1552.322491311034
6	01010000A0E8640000645DD5F6FDD72E412606BC4E5D3C59410000000000003940	1	{1}	32254.3580732863	1	645.087161465726
7	01010000A0E86400006E6202BB34D82E41047520F6463C59410000000000004040	1	{1}	43453.8015326829	1	869.076030653658
8	01010000A0E86400002692613DEBD72E41E1AF3A7B4E3C59410000000000003E40	1	{1}	35218.1342089207	1	704.362684178414
9	01010000A0E864000028BA9C255CD72E4100EB7723613C59410000000000003A40	1	{1}	380180.003369025	1	7603.6000673805
10	01010000A0E8640000EF121A20B7D72E410F438AC25D3C59410000000000003940	1	{1}	35495.0759972858	1	709.901519945716
11	01010000A0E86400007E9F54D973D72E4118B5FD56553C59410000000000003B40	1	{1}	39209.5146123915	1	784.1902922478299
12	01010000A0E86400002AA185BAB0D72E41AA56FA93513C59410000000000003B40	1	{1}	28941.1712981738	1	578.823425963476
13	01010000A0E864000052D4AA8111D82E4102726D5F1C3C59410000000000003540	1	{1}	155093.295042631	1	3101.86590085262
14	01010000A0E8640000BA7830864FD72E413B6F6B1B313C59410000000000003840	1	{1}	233426.907295876	1	4668.5381459175205
15	01010000A0E864000021D1AC0ED2D72E419987D187223C59410000000000003440	1	{1}	208544.342639792	1	4170.88685279584
16	01010000A0E86400002D546D051ED72E4130ED61D7383C59410000000000003940	1	{1}	190301.628902005	1	3806.0325780401
17	01010000A0E8640000BB83544395D72E41E20BB47A283C59410000000000003540	1	{1}	223552.134839671	1	4471.04269679342
18	01010000A0E86400009ADE2696F0D62E419C95C5DB403C59410000000000003940	1	{1}	194498.075729784	1	3889.96151459568
19	01010000A0E8640000D905A11945D62E41432A3AFB1B3C59410000000000003740	1	{1}	693277.209702341	1	13865.54419404682
20	01010000A0E8640000A836F10073D62E41A49B86102F3C59410000000000003840	1	{1}	197162.608659053	1	3943.25217318106
21	01010000A0E864000006D741F8D2D62E41B00A0DD9663C59410000000000003D40	1	{1}	105074.36626185	1	2101.487325237
22	01010000A0E8640000CCB9F770EDD52E416ED4C9EE723C59410000000000804240	1	{1}	99710.296285094	1	1994.20592570188
23	01010000A0E864000066872EF822D72E41D3163F386E3C59410000000000003940	1	{1}	124068.689966868	1	2481.3737993373597
25	01010000A0E8640000FD0230DE6BD62E41BDB7543A5B3C59410000000000003A40	1	{1}	231869.407840525	1	4637.3881568105
27	01010000A0E86400006C51F3D528D62E411899284C693C59410000000000003F40	1	{1}	119735.635804571	1	2394.7127160914197
28	01010000A0E8640000CCDEF6B4F6D52E41DC1A110F4E3C59410000000000004040	1	{1}	157235.962073562	1	3144.71924147124
29	01010000A0E8640000EA69D979A3D62E41253FBB7E373C59410000000000003840	1	{1}	213938.595537203	1	4278.77191074406
30	01010000A0E8640000E4A1CD4722D62E41FCF2244F443C59410000000000804040	1	{1}	164494.300102267	1	3289.8860020453403
31	01010000A0E8640000C31632B920D62E41CC94284E343C59410000000000003D40	1	{1}	14375.8505026016	1	287.517010052032
32	01010000A0E8640000E3F6FFB04DD62E4153004F523D3C59410000000000003E40	1	{1}	134436.204446154	1	2688.72408892308
34	01010000A0E8640000786E3DBCD3D62E415B2C12D1543C59410000000000003940	1	{1}	103657.835849808	1	2073.15671699616
35	01010000A0E8640000FDBE28F37FD62E41DB396E92153C59410000000000003840	1	{1}	37295.0020773826	1	745.9000415476521
36	01010000A0E864000068F7FBE302D72E410FF81F9A513C59410000000000003940	1	{1}	53699.9169494487	1	1073.998338988974
37	01010000A0E8640000D101C50D2AD72E41FA6AE5EC4D3C59410000000000003B40	1	{1}	93270.6545168077	1	1865.413090336154
38	01010000A0E8640000A423422B58D72E41B169D748463C59410000000000003C40	1	{1}	164319.588708477	1	3286.39177416954
39	01010000A0E8640000E2DEB79688D72E41E05C8F54403C59410000000000003D40	1	{1}	43602.208653259	1	872.04417306518
40	01010000A0E8640000743922991ED82E413C9A3051363C59410000000000804040	1	{1}	29756.7956953668	1	595.135913907336
41	01010000A0E8640000F5EAC7B1E3D72E4147780427443C59410000000000004040	1	{1}	34614.7856890229	1	692.2957137804581
42	01010000A0E8640000AA627F4DABD72E4110531F543C3C59410000000000003D40	1	{1}	49209.7010583541	1	984.1940211670819
43	01010000A0E864000034B19E4F06D82E41DD98D5F53F3C59410000000000004040	1	{1}	43196.6976495307	1	863.9339529906141
44	01010000A0E8640000C685C118CFD72E4108865C55383C59410000000000003C40	1	{1}	48184.4713071468	1	963.689426142936
45	01010000A0E864000072667AAFBFD72E41EACD3B39483C59410000000000003F40	1	{1}	33284.4826836729	1	665.689653673458
46	01010000A0E8640000990469D118D82E4181824FAB303C59410000000000003C40	1	{1}	20621.8314261043	1	412.43662852208604
47	01010000A0E8640000C6E277438BD62E4115404B7C4F3C59410000000000003940	1	{1}	788468.561731659	1	15769.37123463318
\.



--
-- Data for Name: energy_plant_connections; Type: TABLE DATA; Schema: base1;
--

COPY base1.energy_plant_connections (id, epid, ep_seq, lid) FROM stdin;
16	1	1	10000004
\.


--
-- Name: energy_plants; Type: SEQUENCE SET; Schema: base1;
--

SELECT pg_catalog.setval('base1.energy_plants_id_seq', 2, false);

--
-- Name: customers_id_seq; Type: SEQUENCE SET; Schema: base1;
--

SELECT pg_catalog.setval('base1.customers_id_seq', 48, false);

--
-- Name: invoked_sf_id_seq; Type: SEQUENCE SET; Schema: base1;
--

SELECT pg_catalog.setval('base1.invoked_sf_id_seq', 13, true);


--
-- Name: junction_connections_id_seq; Type: SEQUENCE SET; Schema: base1;
--

SELECT pg_catalog.setval('base1.junction_connections_id_seq', 1, false);


--
-- Name: junctions_id_seq; Type: SEQUENCE SET; Schema: base1;
--

SELECT pg_catalog.setval('base1.junctions_id_seq', 414, true);


--
-- Name: lines_id_seq; Type: SEQUENCE SET; Schema: base1;
--

SELECT pg_catalog.setval('base1.lines_id_seq', 677, false);


--
-- Name: sensor_source_id_seq; Type: SEQUENCE SET; Schema: public;
--

SELECT pg_catalog.setval('public.sensor_source_id_seq', 2, false);


--
-- Name: sensor_target_id_seq; Type: SEQUENCE SET; Schema: public;
--

SELECT pg_catalog.setval('public.sensor_target_id_seq', 2, false);

--
-- Name: invoked_sensor_target_signals_id_seq; Type: SEQUENCE SET; Schema: public;
--

SELECT pg_catalog.setval('public.invoked_sensor_target_signals_id_seq', 2, false);

--
-- Name: invoked_sensor_source_signals_id_seq; Type: SEQUENCE SET; Schema: public;
--

SELECT pg_catalog.setval('public.invoked_sensor_source_signals_id_seq', 2, false);


--
-- Name: source_template_id_seq; Type: SEQUENCE SET; Schema: public;
--

SELECT pg_catalog.setval('public.source_template_id_seq', 2, false);


--
-- Name: streets_id_seq; Type: SEQUENCE SET; Schema: base1;
--

SELECT pg_catalog.setval('base1.streets_id_seq', 32, true);

--
-- Name: buildings_id_seq; Type: SEQUENCE SET; Schema: base1;
--

SELECT pg_catalog.setval('base1.buildings_id_seq', 203, false);

--
-- Name: target_template_id_seq; Type: SEQUENCE SET; Schema: public;
--

SELECT pg_catalog.setval('public.target_template_id_seq', 2, false);

--
-- Name: sensors_id_seq; Type: SEQUENCE SET; Schema: public;
--

SELECT pg_catalog.setval('public.sensors_id_seq', 2, false);

--
-- Name: model_parms_id_seq; Type: SEQUENCE SET; Schema: public;
--

SELECT pg_catalog.setval('public.model_parms_id_seq', 3, false);


--
-- Name: versionhandling_id_seq; Type: SEQUENCE SET; Schema: public;
--

SELECT pg_catalog.setval('public.versionhandling_id_seq', 2, false);

--
-- Name: building_constructions; Type: SEQUENCE SET; Schema: public;
--

SELECT pg_catalog.setval('public.building_constructions_id_seq', 28, false);

--
-- Name: zone_templates; Type: SEQUENCE SET; Schema: public;
--

SELECT pg_catalog.setval('public.zone_templates_id_seq', 136, false);


--
-- PostgreSQL database dump complete
--